TIME,48589
TIME,56707
TIME,58330
TIME,73288
TIME,73790
TIME,80139
TIME,86745
TIME,90299
TIME,93822
TIME,95178
TIME,102633
TIME,105405
TIME,107829
TIME,109509
TIME,110519
TIME,115244
TIME,116183
TIME,116482
TIME,116978
TIME,118698
TIME,132790
TIME,138214
TIME,152880
TIME,153987
TIME,158272
TIME,166802
TIME,273599
TIME,273703
TIME,273831
TIME,273843
TIME,274111
TIME,274195
TIME,279494
TIME,37269
TIME,42001
TIME,47068
TIME,48699
TIME,52151
TIME,343036
TIME,76078
TIME,348024
TIME,78838
TIME,80022
TIME,82606
TIME,85299
TIME,354770
TIME,88406
TIME,88521
TIME,94983
TIME,99740
TIME,99980
TIME,106075
TIME,380165
TIME,116354
TIME,120328
TIME,128617
TIME,139660
TIME,142006
TIME,142965
TIME,149130
TIME,153080
TIME,153719
TIME,154033
TIME,157096
TIME,157108
TIME,158493
TIME,158859
TIME,159279
TIME,161111
TIME,161572
TIME,166346
TIME,166493
TIME,178223
TIME,178821
TIME,48219
TIME,49987
TIME,52810
TIME,56558
TIME,58407
TIME,60487
TIME,61620
TIME,63822
TIME,66518
TIME,66899
TIME,68619
TIME,72697
TIME,74480
TIME,76430
TIME,78455
TIME,78721
TIME,79067
TIME,79249
TIME,81536
TIME,86406
TIME,86691
TIME,88252
TIME,88834
TIME,91063
TIME,92957
TIME,96617
TIME,97011
TIME,101574
TIME,102792
TIME,106358
TIME,109308
TIME,110078
TIME,110507
TIME,111395
TIME,112651
TIME,113804
TIME,114876
TIME,48687
TIME,51327
TIME,53348
TIME,55394
TIME,63225
TIME,64906
TIME,65381
TIME,66079
TIME,74528
TIME,75350
TIME,76183
TIME,76747
TIME,79305
TIME,79961
TIME,83364
TIME,83905
TIME,84449
TIME,89121
TIME,93422
TIME,94460
TIME,95217
TIME,102498
TIME,105937
TIME,108854
TIME,109310
TIME,115604
TIME,121035
TIME,121731
TIME,126713
TIME,131764
TIME,138003
TIME,140345
TIME,144924
TIME,145402
TIME,150704
TIME,155338
TIME,163994
TIME,55940
TIME,71843
TIME,76146
TIME,76837
TIME,82887
TIME,87835
TIME,92170
TIME,98044
TIME,99670
TIME,105626
TIME,106352
TIME,112542
TIME,112642
TIME,114862
TIME,121224
TIME,124041
TIME,124876
TIME,130323
TIME,130800
TIME,132562
TIME,136537
TIME,137643
TIME,144456
TIME,145956
TIME,148611
TIME,148782
TIME,158297
TIME,158522
TIME,166433
TIME,168550
TIME,169254
TIME,171432
TIME,172757
TIME,179003
TIME,179232
TIME,180580
TIME,182230
TIME,44238
TIME,49817
TIME,49970
TIME,50320
TIME,51328
TIME,52796
TIME,58627
TIME,58712
TIME,60226
TIME,61305
TIME,64795
TIME,68335
TIME,74406
TIME,79089
TIME,81147
TIME,83078
TIME,83928
TIME,84634
TIME,87585
TIME,90529
TIME,91607
TIME,92377
TIME,100047
TIME,105253
TIME,105606
TIME,107803
TIME,112678
TIME,112839
TIME,113572
TIME,115569
TIME,119309
TIME,120003
TIME,129217
TIME,129230
TIME,129949
TIME,130748
TIME,131687
TIME,52819
TIME,57296
TIME,57578
TIME,61830
TIME,63459
TIME,78980
TIME,86393
TIME,90667
TIME,99729
TIME,104852
TIME,111163
TIME,115716
TIME,117433
TIME,118475
TIME,122159
TIME,126499
TIME,132250
TIME,133535
TIME,137998
TIME,138534
TIME,139516
TIME,147104
TIME,147763
TIME,148100
TIME,149453
TIME,157485
TIME,159295
TIME,160530
TIME,161127
TIME,161454
TIME,162767
TIME,162929
TIME,163179
TIME,163792
TIME,165776
TIME,170538
TIME,171661
TIME,40922
TIME,43772
TIME,49082
TIME,51313
TIME,55450
TIME,57823
TIME,59981
TIME,61145
TIME,64466
TIME,64500
TIME,65508
TIME,70419
TIME,71449
TIME,72494
TIME,72830
TIME,72992
TIME,75772
TIME,76844
TIME,77391
TIME,82194
TIME,83077
TIME,85436
TIME,88475
TIME,89124
TIME,89912
TIME,93154
TIME,96914
TIME,98051
TIME,100483
TIME,102710
TIME,104711
TIME,104855
TIME,110236
TIME,111263
TIME,111811
TIME,112354
TIME,113429
TIME,46776
TIME,49460
TIME,49615
TIME,53560
TIME,55635
TIME,60580
TIME,61875
TIME,65667
TIME,68492
TIME,69643
TIME,70768
TIME,70980
TIME,72364
TIME,74995
TIME,75386
TIME,75744
TIME,77239
TIME,82808
TIME,87762
TIME,90364
TIME,90415
TIME,91095
TIME,91502
TIME,92620
TIME,93523
TIME,93717
TIME,94497
TIME,97333
TIME,100020
TIME,103674
TIME,104329
TIME,105865
TIME,106680
TIME,107682
TIME,109487
TIME,110615
TIME,115070
TIME,44584
TIME,47067
TIME,48474
TIME,49777
TIME,55226
TIME,58900
TIME,59118
TIME,60392
TIME,60635
TIME,62734
TIME,63147
TIME,65572
TIME,71228
TIME,72936
TIME,74562
TIME,75876
TIME,79450
TIME,79831
TIME,83840
TIME,89218
TIME,90257
TIME,92548
TIME,93164
TIME,93572
TIME,96109
TIME,97498
TIME,101242
TIME,102211
TIME,104379
TIME,105377
TIME,106487
TIME,111050
TIME,113894
TIME,116377
TIME,116834
TIME,117545
TIME,117625
TIME,53051
TIME,54085
TIME,55059
TIME,55568
TIME,59150
TIME,63667
TIME,64227
TIME,66506
TIME,68603
TIME,68747
TIME,73383
TIME,77442
TIME,77685
TIME,79588
TIME,79844
TIME,82039
TIME,83376
TIME,83855
TIME,85819
TIME,89050
TIME,96484
TIME,98713
TIME,100448
TIME,100734
TIME,105231
TIME,108288
TIME,112017
TIME,115548
TIME,115721
TIME,116403
TIME,117289
TIME,118809
TIME,119149
TIME,119827
TIME,120152
TIME,121420
TIME,122017
TIME,45135
TIME,46155
TIME,51730
TIME,52596
TIME,53947
TIME,54298
TIME,57008
TIME,60104
TIME,60990
TIME,63284
TIME,63920
TIME,65008
TIME,66241
TIME,67206
TIME,67941
TIME,68201
TIME,69770
TIME,77183
TIME,78766
TIME,78832
TIME,82670
TIME,82965
TIME,84429
TIME,88580
TIME,94665
TIME,104245
TIME,104904
TIME,117595
TIME,118578
TIME,126237
TIME,129446
TIME,132596
TIME,133459
TIME,134055
TIME,134452
TIME,136845
TIME,140378
TIME,39262
TIME,43789
TIME,44511
TIME,45466
TIME,48168
TIME,50755
TIME,54309
TIME,56395
TIME,63930
TIME,66230
TIME,72172
TIME,72885
TIME,76032
TIME,76583
TIME,84761
TIME,85158
TIME,88783
TIME,89295
TIME,97650
TIME,98483
TIME,103273
TIME,104777
TIME,106018
TIME,106208
TIME,106400
TIME,111863
TIME,115271
TIME,116065
TIME,118437
TIME,120198
TIME,122047
TIME,124182
TIME,124328
TIME,125267
TIME,125361
TIME,129094
TIME,130773
TIME,46005
TIME,47828
TIME,49029
TIME,58404
TIME,59878
TIME,62948
TIME,63174
TIME,68029
TIME,69182
TIME,77012
TIME,79000
TIME,80003
TIME,84668
TIME,87428
TIME,87733
TIME,92062
TIME,96413
TIME,99881
TIME,100315
TIME,105279
TIME,111236
TIME,111283
TIME,116010
TIME,116115
TIME,118480
TIME,125383
TIME,128193
TIME,129148
TIME,129337
TIME,133265
TIME,135116
TIME,137017
TIME,139815
TIME,141614
TIME,141964
TIME,143266
TIME,145242
TIME,48737
TIME,50828
TIME,51734
TIME,51984
TIME,52724
TIME,53067
TIME,54251
TIME,54348
TIME,56719
TIME,64938
TIME,71052
TIME,73178
TIME,74205
TIME,80317
TIME,82107
TIME,82868
TIME,84611
TIME,85406
TIME,88061
TIME,88436
TIME,98047
TIME,99301
TIME,99458
TIME,102641
TIME,102903
TIME,103273
TIME,108114
TIME,110576
TIME,111076
TIME,113660
TIME,114618
TIME,114812
TIME,115170
TIME,119130
TIME,120992
TIME,121794
TIME,122417
TIME,45539
TIME,46499
TIME,52661
TIME,53353
TIME,56051
TIME,57402
TIME,58045
TIME,64154
TIME,65811
TIME,67618
TIME,69401
TIME,70416
TIME,72667
TIME,73416
TIME,76589
TIME,79939
TIME,81514
TIME,81804
TIME,85964
TIME,86000
TIME,94778
TIME,98871
TIME,100824
TIME,104777
TIME,111576
TIME,112639
TIME,117230
TIME,117773
TIME,119087
TIME,124099
TIME,124197
TIME,125526
TIME,129667
TIME,131705
TIME,132176
TIME,133424
TIME,135443
TIME,44723
TIME,50517
TIME,50726
TIME,52792
TIME,53861
TIME,55114
TIME,55617
TIME,63646
TIME,64821
TIME,67919
TIME,70309
TIME,74624
TIME,75463
TIME,78661
TIME,79958
TIME,85266
TIME,94949
TIME,96195
TIME,99596
TIME,112322
TIME,112664
TIME,115008
TIME,118843
TIME,119779
TIME,124951
TIME,125619
TIME,126359
TIME,128149
TIME,129574
TIME,129758
TIME,133373
TIME,133917
TIME,135007
TIME,135810
TIME,136536
TIME,137470
TIME,138877
TIME,51871
TIME,53358
TIME,56066
TIME,59666
TIME,59908
TIME,60709
TIME,69322
TIME,70443
TIME,70641
TIME,71120
TIME,74282
TIME,74743
TIME,76638
TIME,80515
TIME,81414
TIME,86455
TIME,88111
TIME,94868
TIME,96715
TIME,97254
TIME,98433
TIME,99694
TIME,99890
TIME,100563
TIME,101296
TIME,101442
TIME,102130
TIME,103007
TIME,108421
TIME,113006
TIME,113445
TIME,115065
TIME,116137
TIME,117843
TIME,118809
TIME,119945
TIME,119971
TIME,42323
TIME,44980
TIME,48924
TIME,50523
TIME,50825
TIME,51472
TIME,61885
TIME,62541
TIME,68385
TIME,68441
TIME,69512
TIME,71287
TIME,76277
TIME,80377
TIME,81882
TIME,86513
TIME,90062
TIME,93488
TIME,97943
TIME,102379
TIME,105368
TIME,109734
TIME,110921
TIME,116380
TIME,119086
TIME,125036
TIME,125898
TIME,126525
TIME,129897
TIME,131132
TIME,131726
TIME,134234
TIME,134481
TIME,135260
TIME,135829
TIME,137011
TIME,137160
TIME,40330
TIME,45376
TIME,46330
TIME,47973
TIME,52791
TIME,53411
TIME,54314
TIME,60089
TIME,64111
TIME,68466
TIME,69270
TIME,71907
TIME,73908
TIME,75245
TIME,75790
TIME,76433
TIME,76620
TIME,80946
TIME,81300
TIME,83598
TIME,84426
TIME,88159
TIME,90323
TIME,91576
TIME,92127
TIME,94839
TIME,97000
TIME,98003
TIME,98285
TIME,100922
TIME,101651
TIME,104327
TIME,108810
TIME,113753
TIME,115258
TIME,118160
TIME,118729
TIME,41319
TIME,49420
TIME,49951
TIME,50785
TIME,51161
TIME,53597
TIME,53990
TIME,56220
TIME,56956
TIME,59849
TIME,62233
TIME,67656
TIME,67997
TIME,70262
TIME,74064
TIME,75465
TIME,76271
TIME,79014
TIME,80290
TIME,81668
TIME,83008
TIME,83395
TIME,83952
TIME,85690
TIME,88228
TIME,88327
TIME,88860
TIME,90596
TIME,92827
TIME,96390
TIME,98673
TIME,104515
TIME,106688
TIME,108437
TIME,112522
TIME,113298
TIME,114718
TIME,43116
TIME,49898
TIME,51437
TIME,53109
TIME,54365
TIME,57939
TIME,64214
TIME,64304
TIME,64573
TIME,75679
TIME,78864
TIME,80254
TIME,80708
TIME,84152
TIME,84489
TIME,86411
TIME,86793
TIME,91785
TIME,93214
TIME,97086
TIME,98580
TIME,98726
TIME,99426
TIME,100074
TIME,101317
TIME,103854
TIME,104976
TIME,107157
TIME,107773
TIME,107868
TIME,112258
TIME,114482
TIME,115202
TIME,115553
TIME,116638
TIME,117228
TIME,118072
TIME,52083
TIME,52415
TIME,53012
TIME,61676
TIME,63628
TIME,63742
TIME,64269
TIME,65139
TIME,70147
TIME,73758
TIME,75083
TIME,77536
TIME,77830
TIME,78248
TIME,78643
TIME,79328
TIME,80832
TIME,81576
TIME,82023
TIME,84783
TIME,90620
TIME,92117
TIME,92843
TIME,93410
TIME,93697
TIME,96057
TIME,98387
TIME,98616
TIME,100576
TIME,101813
TIME,102280
TIME,108608
TIME,109532
TIME,110514
TIME,111703
TIME,117444
TIME,45154
TIME,45667
TIME,48487
TIME,54642
TIME,55422
TIME,56994
TIME,58466
TIME,60301
TIME,61233
TIME,62002
TIME,66002
TIME,66653
TIME,72781
TIME,73934
TIME,74434
TIME,77696
TIME,79324
TIME,80623
TIME,85580
TIME,88063
TIME,88624
TIME,90086
TIME,90831
TIME,93214
TIME,94512
TIME,95772
TIME,98764
TIME,99368
TIME,100116
TIME,100870
TIME,103932
TIME,106044
TIME,109265
TIME,110001
TIME,111437
TIME,112146
TIME,324308
TIME,117284
TIME,39342
TIME,43125
TIME,46190
TIME,51467
TIME,54932
TIME,56366
TIME,57592
TIME,61252
TIME,64329
TIME,65142
TIME,66650
TIME,67104
TIME,67982
TIME,71556
TIME,83485
TIME,85780
TIME,87605
TIME,87871
TIME,94516
TIME,96891
TIME,97747
TIME,98412
TIME,99659
TIME,104625
TIME,107332
TIME,108033
TIME,109747
TIME,111863
TIME,112472
TIME,114639
TIME,115607
TIME,116810
TIME,119521
TIME,120669
TIME,121674
TIME,127928
TIME,51408
TIME,55555
TIME,56834
TIME,57235
TIME,59087
TIME,59785
TIME,60626
TIME,65795
TIME,69627
TIME,73749
TIME,77307
TIME,78544
TIME,78741
TIME,81274
TIME,81663
TIME,85146
TIME,86285
TIME,91699
TIME,92312
TIME,93629
TIME,94088
TIME,98358
TIME,101355
TIME,104816
TIME,104934
TIME,106821
TIME,107534
TIME,107760
TIME,110995
TIME,114374
TIME,115190
TIME,116076
TIME,119835
TIME,120615
TIME,121436
TIME,122367
TIME,49007
TIME,52720
TIME,54493
TIME,56080
TIME,56221
TIME,64028
TIME,67051
TIME,67564
TIME,67617
TIME,68706
TIME,74601
TIME,76581
TIME,78636
TIME,82971
TIME,87737
TIME,91654
TIME,91866
TIME,92706
TIME,93162
TIME,99428
TIME,99621
TIME,99925
TIME,105327
TIME,106224
TIME,109199
TIME,114692
TIME,118031
TIME,122746
TIME,124918
TIME,136685
TIME,137218
TIME,138265
TIME,141069
TIME,141762
TIME,143178
TIME,144872
TIME,132634
TIME,133624
TIME,134511
TIME,134783
TIME,135515
TIME,135773
TIME,138211
TIME,139773
TIME,140419
TIME,141141
TIME,141901
TIME,146238
TIME,147584
TIME,148702
TIME,150250
TIME,150512
TIME,151109
TIME,152333
TIME,153354
TIME,154375
TIME,157571
TIME,158843
TIME,160343
TIME,163005
TIME,165938
TIME,166551
TIME,167117
TIME,168005
TIME,169238
TIME,169247
TIME,169590
TIME,169736
TIME,170661
TIME,172664
TIME,173464
TIME,174963
TIME,43883
TIME,46596
TIME,47252
TIME,47482
TIME,51284
TIME,55252
TIME,60720
TIME,62582
TIME,62875
TIME,64714
TIME,65740
TIME,67921
TIME,70418
TIME,74512
TIME,74958
TIME,76668
TIME,78526
TIME,79811
TIME,83389
TIME,88008
TIME,88260
TIME,89136
TIME,95218
TIME,97341
TIME,97435
TIME,98226
TIME,101819
TIME,107941
TIME,108993
TIME,115179
TIME,118456
TIME,118869
TIME,122899
TIME,123375
TIME,131600
TIME,132852
TIME,51715
TIME,52875
TIME,59838
TIME,65690
TIME,73408
TIME,77096
TIME,79811
TIME,92772
TIME,100632
TIME,107318
TIME,117938
TIME,184521
TIME,196637
TIME,220922
TIME,228360
TIME,228442
TIME,233846
TIME,246560
TIME,268360
TIME,300833
TIME,300922
TIME,41708
TIME,41898
TIME,44295
TIME,46663
TIME,46839
TIME,313679
TIME,56973
TIME,64911
TIME,65283
TIME,65785
TIME,325850
TIME,326539
TIME,68594
TIME,69406
TIME,74050
TIME,79576
TIME,80074
TIME,81430
TIME,83037
TIME,348260
TIME,348551
TIME,104054
TIME,367566
TIME,367751
TIME,108684
TIME,108929
TIME,110216
TIME,110841
TIME,111735
TIME,113888
TIME,114048
TIME,117804
TIME,118432
TIME,120328
TIME,122495
TIME,384298
TIME,394258
TIME,139385
TIME,410015
TIME,153081
TIME,156046
TIME,429848
TIME,170771
TIME,235020
TIME,495542
TIME,42971
TIME,43171
TIME,500937
TIME,46808
TIME,47673
TIME,49007
TIME,51909
TIME,56502
TIME,57554
TIME,58170
TIME,58712
TIME,60986
TIME,61363
TIME,61852
TIME,62140
TIME,68656
TIME,69506
TIME,73574
TIME,76193
TIME,77915
TIME,78322
TIME,80435
TIME,80698
TIME,85224
TIME,86486
TIME,88656
TIME,545397
TIME,93401
TIME,94292
TIME,96274
TIME,96876
TIME,294115
TIME,100707
TIME,101299
TIME,103467
TIME,104649
TIME,109347
TIME,322601
TIME,323243
TIME,140411
TIME,596212
TIME,151076
TIME,45831
TIME,46860
TIME,50207
TIME,52351
TIME,54276
TIME,55393
TIME,55437
TIME,56293
TIME,59798
TIME,63462
TIME,63968
TIME,66737
TIME,69408
TIME,70243
TIME,70568
TIME,73668
TIME,74223
TIME,83650
TIME,83903
TIME,85890
TIME,86087
TIME,88190
TIME,89759
TIME,90676
TIME,90885
TIME,92047
TIME,93033
TIME,94438
TIME,94678
TIME,97735
TIME,99521
TIME,100003
TIME,100342
TIME,102663
TIME,106398
TIME,40569
TIME,44347
TIME,46446
TIME,250951
TIME,48233
TIME,51423
TIME,56333
TIME,58886
TIME,59637
TIME,60184
TIME,60603
TIME,66242
TIME,68077
TIME,71968
TIME,73468
TIME,73853
TIME,81989
TIME,82852
TIME,85676
TIME,93820
TIME,94936
TIME,95923
TIME,99095
TIME,100244
TIME,102920
TIME,103126
TIME,104165
TIME,105762
TIME,108695
TIME,109311
TIME,110823
TIME,111026
TIME,114172
TIME,115457
TIME,115657
TIME,117731
TIME,118035
TIME,49183
TIME,50885
TIME,53129
TIME,54302
TIME,54909
TIME,55601
TIME,60892
TIME,60924
TIME,63827
TIME,63862
TIME,64094
TIME,68868
TIME,70366
TIME,71096
TIME,72421
TIME,74342
TIME,79861
TIME,81634
TIME,85437
TIME,91553
TIME,91682
TIME,92742
TIME,93285
TIME,93434
TIME,94294
TIME,96729
TIME,99131
TIME,101797
TIME,103345
TIME,104449
TIME,106669
TIME,107653
TIME,111584
TIME,113463
TIME,113597
TIME,114336
TIME,48975
TIME,50039
TIME,50607
TIME,50903
TIME,54990
TIME,60384
TIME,62679
TIME,63624
TIME,63726
TIME,65411
TIME,65484
TIME,67294
TIME,67425
TIME,68827
TIME,68949
TIME,70375
TIME,75230
TIME,75766
TIME,76384
TIME,80675
TIME,81623
TIME,82454
TIME,83827
TIME,85972
TIME,87632
TIME,92060
TIME,94004
TIME,94957
TIME,95687
TIME,102115
TIME,107572
TIME,108050
TIME,108828
TIME,109629
TIME,112054
TIME,112326
TIME,44241
TIME,49043
TIME,51227
TIME,52105
TIME,60880
TIME,64602
TIME,65119
TIME,66092
TIME,69934
TIME,70110
TIME,80315
TIME,82429
TIME,83590
TIME,84840
TIME,89206
TIME,90674
TIME,91722
TIME,93158
TIME,95048
TIME,95488
TIME,96303
TIME,99078
TIME,99890
TIME,101937
TIME,102621
TIME,103580
TIME,106781
TIME,110380
TIME,110677
TIME,114832
TIME,114995
TIME,116110
TIME,116411
TIME,117576
TIME,118957
TIME,122121
TIME,41051
TIME,41574
TIME,50274
TIME,50859
TIME,51723
TIME,52118
TIME,58289
TIME,58965
TIME,59627
TIME,64110
TIME,65630
TIME,66176
TIME,68832
TIME,69035
TIME,69596
TIME,71111
TIME,72086
TIME,78323
TIME,81473
TIME,82797
TIME,85032
TIME,87896
TIME,89190
TIME,90382
TIME,90486
TIME,95272
TIME,97067
TIME,101196
TIME,101964
TIME,104000
TIME,104802
TIME,106159
TIME,107244
TIME,107739
TIME,108284
TIME,108425
TIME,43369
TIME,44228
TIME,47263
TIME,50426
TIME,53927
TIME,57777
TIME,64672
TIME,68345
TIME,69319
TIME,71379
TIME,76626
TIME,79669
TIME,85697
TIME,86099
TIME,89156
TIME,89448
TIME,89544
TIME,93330
TIME,93491
TIME,96744
TIME,98981
TIME,99150
TIME,100108
TIME,102686
TIME,103660
TIME,104390
TIME,105465
TIME,106538
TIME,107913
TIME,108371
TIME,109141
TIME,109605
TIME,119318
TIME,122901
TIME,123818
TIME,124346
TIME,42040
TIME,56585
TIME,58372
TIME,63212
TIME,66698
TIME,67546
TIME,69962
TIME,71217
TIME,72586
TIME,73608
TIME,80641
TIME,81808
TIME,83811
TIME,87362
TIME,88953
TIME,94780
TIME,95175
TIME,98046
TIME,98509
TIME,99313
TIME,101760
TIME,102613
TIME,103616
TIME,109015
TIME,110138
TIME,113215
TIME,116651
TIME,117646
TIME,119296
TIME,121339
TIME,122078
TIME,124849
TIME,126095
TIME,127156
TIME,128467
TIME,130251
TIME,43925
TIME,50415
TIME,50854
TIME,53060
TIME,53440
TIME,55997
TIME,56754
TIME,59661
TIME,59760
TIME,60535
TIME,60646
TIME,63746
TIME,64115
TIME,71906
TIME,72378
TIME,72663
TIME,73405
TIME,76788
TIME,81905
TIME,83134
TIME,84695
TIME,87057
TIME,89483
TIME,96136
TIME,98120
TIME,99572
TIME,100878
TIME,103971
TIME,104267
TIME,107393
TIME,108330
TIME,110248
TIME,110635
TIME,116249
TIME,117026
TIME,118017
TIME,40238
TIME,40615
TIME,43140
TIME,47954
TIME,50391
TIME,54091
TIME,56103
TIME,56669
TIME,61196
TIME,63944
TIME,67000
TIME,69135
TIME,69481
TIME,69637
TIME,73031
TIME,73208
TIME,73312
TIME,77300
TIME,80491
TIME,81580
TIME,82468
TIME,86185
TIME,87046
TIME,92277
TIME,93221
TIME,93987
TIME,94832
TIME,98948
TIME,101178
TIME,102006
TIME,103427
TIME,105746
TIME,107697
TIME,112615
TIME,115499
TIME,115825
TIME,116677
TIME,46128
TIME,46822
TIME,48496
TIME,50004
TIME,52238
TIME,54414
TIME,56669
TIME,57647
TIME,61513
TIME,63478
TIME,63875
TIME,65953
TIME,72290
TIME,75688
TIME,76861
TIME,78603
TIME,79366
TIME,79997
TIME,80553
TIME,84530
TIME,85046
TIME,86819
TIME,86929
TIME,89134
TIME,90823
TIME,92044
TIME,94936
TIME,97439
TIME,104870
TIME,106820
TIME,107827
TIME,111089
TIME,111834
TIME,113412
TIME,114758
TIME,115225
TIME,116694
TIME,45084
TIME,48140
TIME,49700
TIME,50346
TIME,54549
TIME,55225
TIME,56008
TIME,58088
TIME,59173
TIME,59525
TIME,62910
TIME,67975
TIME,68752
TIME,72964
TIME,76260
TIME,79755
TIME,79989
TIME,80627
TIME,81801
TIME,82757
TIME,87121
TIME,87711
TIME,91165
TIME,92027
TIME,93000
TIME,93371
TIME,96157
TIME,101785
TIME,101889
TIME,103517
TIME,103877
TIME,104354
TIME,105234
TIME,105636
TIME,106349
TIME,107643
TIME,108587
TIME,49500
TIME,51931
TIME,52394
TIME,54454
TIME,59148
TIME,60448
TIME,60685
TIME,68226
TIME,68254
TIME,71598
TIME,72765
TIME,74095
TIME,75265
TIME,87505
TIME,89350
TIME,94324
TIME,94373
TIME,97034
TIME,99775
TIME,101504
TIME,101744
TIME,103744
TIME,103932
TIME,103981
TIME,104774
TIME,105409
TIME,106451
TIME,108654
TIME,112761
TIME,114217
TIME,115306
TIME,118760
TIME,120815
TIME,123132
TIME,124352
TIME,126559
TIME,127090
TIME,98274
TIME,98620
TIME,101542
TIME,102801
TIME,104003
TIME,108175
TIME,108652
TIME,109613
TIME,110060
TIME,110752
TIME,112000
TIME,112967
TIME,114710
TIME,116036
TIME,117248
TIME,119912
TIME,120596
TIME,121362
TIME,123498
TIME,125409
TIME,126533
TIME,127139
TIME,128417
TIME,130643
TIME,132519
TIME,133811
TIME,135011
TIME,137596
TIME,137885
TIME,139085
TIME,140451
TIME,142251
TIME,142497
TIME,145224
TIME,146689
TIME,147992
TIME,148812
TIME,52832
TIME,54049
TIME,56995
TIME,57592
TIME,59417
TIME,60831
TIME,61321
TIME,62075
TIME,62125
TIME,62171
TIME,64526
TIME,66217
TIME,68387
TIME,68825
TIME,69372
TIME,69903
TIME,70920
TIME,71117
TIME,74254
TIME,75416
TIME,76916
TIME,78094
TIME,84314
TIME,85189
TIME,87443
TIME,89024
TIME,91304
TIME,91803
TIME,93800
TIME,94883
TIME,95530
TIME,97323
TIME,102288
TIME,102512
TIME,104082
TIME,104634
TIME,106135
TIME,42165
TIME,42838
TIME,45627
TIME,51660
TIME,55098
TIME,55414
TIME,55981
TIME,56214
TIME,64307
TIME,65085
TIME,65694
TIME,67072
TIME,70602
TIME,78669
TIME,79549
TIME,79943
TIME,80770
TIME,81297
TIME,83255
TIME,84138
TIME,88324
TIME,89224
TIME,92229
TIME,92856
TIME,93776
TIME,99450
TIME,103288
TIME,104417
TIME,105665
TIME,107409
TIME,111968
TIME,113106
TIME,114137
TIME,114756
TIME,115497
TIME,116724
TIME,119472
TIME,45838
TIME,49137
TIME,49371
TIME,53503
TIME,53883
TIME,58037
TIME,60099
TIME,61125
TIME,61703
TIME,63708
TIME,64077
TIME,68401
TIME,69202
TIME,69245
TIME,74103
TIME,74972
TIME,77956
TIME,79771
TIME,83464
TIME,86033
TIME,86324
TIME,89448
TIME,92430
TIME,94219
TIME,96333
TIME,96771
TIME,102487
TIME,107991
TIME,108418
TIME,109165
TIME,109547
TIME,109698
TIME,110871
TIME,114121
TIME,116172
TIME,117767
TIME,118967
TIME,48102
TIME,48299
TIME,48899
TIME,55308
TIME,57247
TIME,57579
TIME,59531
TIME,62753
TIME,64460
TIME,65603
TIME,66701
TIME,67254
TIME,68152
TIME,69553
TIME,70701
TIME,77909
TIME,80287
TIME,80958
TIME,83760
TIME,86888
TIME,87314
TIME,88677
TIME,88823
TIME,88994
TIME,91951
TIME,93324
TIME,96478
TIME,97180
TIME,97862
TIME,100161
TIME,100212
TIME,100825
TIME,104852
TIME,107666
TIME,108093
TIME,110618
TIME,112136
TIME,48993
TIME,49420
TIME,50031
TIME,54300
TIME,54695
TIME,58957
TIME,59011
TIME,64103
TIME,70713
TIME,73438
TIME,74043
TIME,74562
TIME,77163
TIME,77608
TIME,78310
TIME,80423
TIME,80879
TIME,83330
TIME,85036
TIME,89089
TIME,90870
TIME,94006
TIME,94360
TIME,98647
TIME,106045
TIME,116403
TIME,116627
TIME,117625
TIME,118458
TIME,123215
TIME,126836
TIME,130601
TIME,131456
TIME,137190
TIME,138364
TIME,141042
TIME,142149
TIME,42030
TIME,44935
TIME,51294
TIME,53189
TIME,53196
TIME,53285
TIME,55914
TIME,56484
TIME,59651
TIME,60679
TIME,63615
TIME,68630
TIME,69879
TIME,70073
TIME,75189
TIME,76675
TIME,77086
TIME,78061
TIME,79379
TIME,84333
TIME,84700
TIME,85715
TIME,85831
TIME,95937
TIME,96834
TIME,97538
TIME,104098
TIME,104682
TIME,108791
TIME,109812
TIME,110783
TIME,111026
TIME,114066
TIME,115198
TIME,115635
TIME,122117
TIME,122655
TIME,46826
TIME,48023
TIME,48343
TIME,52067
TIME,54342
TIME,57729
TIME,58937
TIME,60110
TIME,61141
TIME,66820
TIME,67937
TIME,68702
TIME,71113
TIME,71350
TIME,72107
TIME,76992
TIME,77800
TIME,79261
TIME,81525
TIME,83559
TIME,83944
TIME,88952
TIME,89353
TIME,89795
TIME,103022
TIME,103113
TIME,103400
TIME,110534
TIME,111135
TIME,111386
TIME,112363
TIME,113863
TIME,114417
TIME,115881
TIME,117399
TIME,119892
TIME,120133
TIME,55088
TIME,55818
TIME,56766
TIME,57673
TIME,59788
TIME,62143
TIME,63982
TIME,64474
TIME,68814
TIME,69740
TIME,70031
TIME,70136
TIME,70536
TIME,73152
TIME,73517
TIME,75275
TIME,80992
TIME,81304
TIME,83289
TIME,84930
TIME,88012
TIME,90864
TIME,92451
TIME,93407
TIME,97221
TIME,98746
TIME,100112
TIME,101061
TIME,101260
TIME,101641
TIME,104974
TIME,105640
TIME,107514
TIME,107947
TIME,108680
TIME,108783
TIME,110755
TIME,48393
TIME,49961
TIME,55032
TIME,65993
TIME,66587
TIME,69570
TIME,69757
TIME,70267
TIME,71062
TIME,72887
TIME,74753
TIME,75652
TIME,76623
TIME,77360
TIME,80074
TIME,80230
TIME,86061
TIME,88259
TIME,97861
TIME,98685
TIME,101627
TIME,102380
TIME,103837
TIME,108478
TIME,109725
TIME,109934
TIME,110796
TIME,112244
TIME,116490
TIME,116913
TIME,117989
TIME,118513
TIME,121643
TIME,123485
TIME,124667
TIME,126205
TIME,127967
TIME,41554
TIME,51708
TIME,55062
TIME,55730
TIME,55757
TIME,57197
TIME,64432
TIME,66345
TIME,74519
TIME,75367
TIME,77516
TIME,77575
TIME,79593
TIME,80510
TIME,84804
TIME,87895
TIME,89155
TIME,90573
TIME,95086
TIME,95681
TIME,100517
TIME,101820
TIME,102010
TIME,103078
TIME,110498
TIME,110665
TIME,111982
TIME,112245
TIME,113664
TIME,115166
TIME,116251
TIME,118388
TIME,118836
TIME,120534
TIME,120831
TIME,121217
TIME,124578
TIME,46125
TIME,50793
TIME,53581
TIME,55680
TIME,58268
TIME,66144
TIME,67361
TIME,68390
TIME,70394
TIME,72925
TIME,72973
TIME,75053
TIME,76878
TIME,78100
TIME,78824
TIME,81835
TIME,83243
TIME,84442
TIME,89990
TIME,95595
TIME,96086
TIME,96779
TIME,97572
TIME,99123
TIME,100348
TIME,100690
TIME,102779
TIME,103873
TIME,104300
TIME,104901
TIME,107038
TIME,107493
TIME,107698
TIME,109635
TIME,110222
TIME,110868
TIME,113718
TIME,48950
TIME,49375
TIME,49695
TIME,54887
TIME,57627
TIME,58434
TIME,60162
TIME,60666
TIME,61331
TIME,63892
TIME,64304
TIME,67932
TIME,72006
TIME,72483
TIME,72595
TIME,79949
TIME,80777
TIME,82262
TIME,82663
TIME,83483
TIME,85325
TIME,85569
TIME,87291
TIME,90703
TIME,93900
TIME,95343
TIME,95445
TIME,95601
TIME,97045
TIME,99868
TIME,100029
TIME,101443
TIME,102751
TIME,103432
TIME,104664
TIME,105996
TIME,106951
TIME,53209
TIME,53529
TIME,54579
TIME,55131
TIME,56624
TIME,57869
TIME,62589
TIME,68523
TIME,70457
TIME,73114
TIME,74118
TIME,74204
TIME,75361
TIME,78671
TIME,83065
TIME,90222
TIME,101967
TIME,102479
TIME,103591
TIME,104077
TIME,107498
TIME,110292
TIME,110561
TIME,116202
TIME,116496
TIME,118420
TIME,118518
TIME,122572
TIME,126529
TIME,126725
TIME,127247
TIME,127337
TIME,131538
TIME,135626
TIME,137836
TIME,138455
TIME,139982
TIME,51767
TIME,54123
TIME,56950
TIME,57638
TIME,58167
TIME,62259
TIME,63072
TIME,68511
TIME,71565
TIME,71721
TIME,72487
TIME,75784
TIME,78559
TIME,80631
TIME,81596
TIME,82510
TIME,83638
TIME,87507
TIME,88358
TIME,88811
TIME,90034
TIME,95671
TIME,95873
TIME,97153
TIME,99744
TIME,100709
TIME,102200
TIME,105427
TIME,106299
TIME,107833
TIME,110403
TIME,110581
TIME,111037
TIME,111165
TIME,111794
TIME,113147
TIME,114510
TIME,43531
TIME,48010
TIME,56229
TIME,63625
TIME,65568
TIME,65858
TIME,71516
TIME,71902
TIME,73359
TIME,74816
TIME,80653
TIME,86466
TIME,86865
TIME,87105
TIME,87989
TIME,91345
TIME,92899
TIME,92945
TIME,94475
TIME,96518
TIME,97523
TIME,99730
TIME,100836
TIME,102803
TIME,103420
TIME,103915
TIME,104850
TIME,107818
TIME,109893
TIME,110350
TIME,113054
TIME,114240
TIME,115467
TIME,116024
TIME,116569
TIME,117363
TIME,118156
TIME,42869
TIME,46002
TIME,53426
TIME,54341
TIME,57207
TIME,57716
TIME,61479
TIME,63883
TIME,64851
TIME,67535
TIME,70383
TIME,71664
TIME,76575
TIME,76965
TIME,80096
TIME,86148
TIME,86236
TIME,87635
TIME,87775
TIME,88594
TIME,91954
TIME,93445
TIME,93738
TIME,95450
TIME,95549
TIME,96154
TIME,96970
TIME,97968
TIME,103569
TIME,104352
TIME,104963
TIME,105135
TIME,106586
TIME,106799
TIME,107540
TIME,108485
TIME,109714
TIME,45011
TIME,51452
TIME,54852
TIME,55639
TIME,67304
TIME,77180
TIME,78115
TIME,80324
TIME,80629
TIME,80646
TIME,81204
TIME,81265
TIME,81273
TIME,81991
TIME,83698
TIME,95130
TIME,95594
TIME,99964
TIME,100761
TIME,103630
TIME,106099
TIME,109220
TIME,111314
TIME,112796
TIME,113686
TIME,114229
TIME,115399
TIME,116345
TIME,117412
TIME,118640
TIME,120867
TIME,121267
TIME,121974
TIME,124503
TIME,125180
TIME,126983
TIME,127101
TIME,41231
TIME,44751
TIME,46084
TIME,46524
TIME,51332
TIME,54521
TIME,58141
TIME,63981
TIME,67872
TIME,69315
TIME,75573
TIME,77877
TIME,79749
TIME,79879
TIME,80725
TIME,82197
TIME,84995
TIME,87641
TIME,89137
TIME,90809
TIME,97067
TIME,100887
TIME,103186
TIME,104091
TIME,104909
TIME,105297
TIME,106703
TIME,107633
TIME,108765
TIME,109768
TIME,110323
TIME,113737
TIME,114953
TIME,116890
TIME,117682
TIME,118547
TIME,120155
TIME,53647
TIME,56465
TIME,59496
TIME,62928
TIME,63601
TIME,65851
TIME,67053
TIME,70604
TIME,71643
TIME,71729
TIME,72581
TIME,74021
TIME,76801
TIME,78328
TIME,78407
TIME,80423
TIME,83355
TIME,84161
TIME,85835
TIME,86180
TIME,86687
TIME,87932
TIME,89316
TIME,91739
TIME,94607
TIME,95061
TIME,95832
TIME,96034
TIME,99407
TIME,99539
TIME,100749
TIME,102024
TIME,103670
TIME,104069
TIME,105231
TIME,106378
TIME,106671
TIME,48587
TIME,51473
TIME,59403
TIME,61278
TIME,63724
TIME,64632
TIME,69690
TIME,70339
TIME,71877
TIME,76811
TIME,77015
TIME,77147
TIME,80424
TIME,86026
TIME,86876
TIME,87064
TIME,89270
TIME,92299
TIME,93762
TIME,99430
TIME,103982
TIME,105081
TIME,105155
TIME,105256
TIME,106685
TIME,106941
TIME,110356
TIME,110952
TIME,112270
TIME,118927
TIME,119829
TIME,121334
TIME,123558
TIME,126379
TIME,127831
TIME,132899
TIME,42022
TIME,46535
TIME,51199
TIME,60446
TIME,61535
TIME,62241
TIME,66825
TIME,70453
TIME,73528
TIME,74242
TIME,75628
TIME,75938
TIME,79108
TIME,85930
TIME,89505
TIME,90807
TIME,91601
TIME,96851
TIME,97565
TIME,100826
TIME,101760
TIME,103376
TIME,107159
TIME,109024
TIME,109964
TIME,110707
TIME,111603
TIME,111708
TIME,112399
TIME,113846
TIME,114569
TIME,115301
TIME,119159
TIME,121477
TIME,121887
TIME,125584
TIME,54606
TIME,59717
TIME,66013
TIME,67447
TIME,69038
TIME,69611
TIME,70932
TIME,70949
TIME,72650
TIME,74075
TIME,74579
TIME,75385
TIME,75542
TIME,78993
TIME,81238
TIME,81382
TIME,83604
TIME,86010
TIME,87042
TIME,87977
TIME,88025
TIME,90957
TIME,90997
TIME,92581
TIME,93845
TIME,97288
TIME,97434
TIME,98597
TIME,99640
TIME,103970
TIME,104639
TIME,106704
TIME,107821
TIME,108860
TIME,110969
TIME,112343
TIME,46008
TIME,55029
TIME,55155
TIME,56268
TIME,59361
TIME,61871
TIME,62989
TIME,65861
TIME,73702
TIME,76981
TIME,78487
TIME,79514
TIME,80105
TIME,82667
TIME,83870
TIME,85181
TIME,85728
TIME,86153
TIME,86985
TIME,94053
TIME,94835
TIME,94915
TIME,96458
TIME,98703
TIME,98765
TIME,100560
TIME,102232
TIME,104545
TIME,106091
TIME,109588
TIME,110029
TIME,111926
TIME,112639
TIME,113076
TIME,113675
TIME,114782
TIME,43008
TIME,44612
TIME,48947
TIME,59846
TIME,63647
TIME,64250
TIME,66338
TIME,67700
TIME,69066
TIME,71231
TIME,73811
TIME,78637
TIME,80111
TIME,81987
TIME,83561
TIME,88007
TIME,88948
TIME,90188
TIME,90761
TIME,93123
TIME,94485
TIME,95155
TIME,98822
TIME,101228
TIME,103781
TIME,105444
TIME,105860
TIME,106612
TIME,106706
TIME,107706
TIME,108201
TIME,108342
TIME,108514
TIME,109366
TIME,110462
TIME,111592
TIME,44713
TIME,47246
TIME,58467
TIME,60905
TIME,61610
TIME,65949
TIME,72550
TIME,76374
TIME,76749
TIME,76956
TIME,78526
TIME,81653
TIME,83206
TIME,84636
TIME,86710
TIME,94055
TIME,98284
TIME,105437
TIME,106716
TIME,106835
TIME,107907
TIME,108388
TIME,112964
TIME,118849
TIME,119396
TIME,120374
TIME,120477
TIME,123218
TIME,125994
TIME,126660
TIME,127046
TIME,127459
TIME,128157
TIME,131968
TIME,133295
TIME,135596
TIME,53984
TIME,56858
TIME,57697
TIME,58091
TIME,64812
TIME,65683
TIME,67449
TIME,67640
TIME,68703
TIME,69958
TIME,70751
TIME,73169
TIME,80010
TIME,80109
TIME,85042
TIME,85954
TIME,87125
TIME,89018
TIME,89456
TIME,91520
TIME,92238
TIME,92286
TIME,92678
TIME,93615
TIME,95190
TIME,96408
TIME,96670
TIME,99210
TIME,101551
TIME,102085
TIME,104547
TIME,105475
TIME,105891
TIME,105971
TIME,107623
TIME,108659
TIME,40142
TIME,40814
TIME,43317
TIME,58341
TIME,63829
TIME,67089
TIME,67866
TIME,69396
TIME,70809
TIME,72525
TIME,75523
TIME,77135
TIME,77354
TIME,81919
TIME,83036
TIME,83876
TIME,89076
TIME,90632
TIME,90709
TIME,92689
TIME,93069
TIME,94432
TIME,95181
TIME,96677
TIME,102445
TIME,102766
TIME,103502
TIME,104948
TIME,105434
TIME,106587
TIME,108067
TIME,109682
TIME,111698
TIME,111797
TIME,113887
TIME,115359
TIME,43463
TIME,50618
TIME,53453
TIME,57314
TIME,59351
TIME,66150
TIME,67334
TIME,67918
TIME,75330
TIME,75511
TIME,75941
TIME,77190
TIME,77874
TIME,78476
TIME,82800
TIME,83164
TIME,87664
TIME,89165
TIME,90184
TIME,96925
TIME,100153
TIME,101654
TIME,102908
TIME,103924
TIME,105799
TIME,106227
TIME,107950
TIME,108909
TIME,109437
TIME,111684
TIME,112469
TIME,113333
TIME,114280
TIME,115096
TIME,116961
TIME,118801
TIME,48908
TIME,50614
TIME,56230
TIME,58094
TIME,59087
TIME,59942
TIME,60288
TIME,65774
TIME,65928
TIME,69998
TIME,74473
TIME,74992
TIME,76197
TIME,77272
TIME,78216
TIME,84311
TIME,85084
TIME,85242
TIME,86385
TIME,87398
TIME,89834
TIME,91433
TIME,93327
TIME,96175
TIME,96766
TIME,100154
TIME,100480
TIME,100547
TIME,103735
TIME,106717
TIME,108894
TIME,109433
TIME,112157
TIME,112769
TIME,113033
TIME,113722
TIME,47272
TIME,52639
TIME,61066
TIME,68517
TIME,70399
TIME,72623
TIME,76731
TIME,76809
TIME,80092
TIME,82620
TIME,85588
TIME,92300
TIME,94094
TIME,94990
TIME,98550
TIME,98834
TIME,103789
TIME,104327
TIME,105991
TIME,108049
TIME,108116
TIME,108922
TIME,109131
TIME,110555
TIME,110653
TIME,111393
TIME,111780
TIME,112209
TIME,112835
TIME,113192
TIME,113204
TIME,116837
TIME,120715
TIME,121750
TIME,123076
TIME,124134
TIME,47615
TIME,49315
TIME,53992
TIME,59670
TIME,59896
TIME,63137
TIME,66165
TIME,68967
TIME,71178
TIME,74100
TIME,74305
TIME,77058
TIME,79715
TIME,80155
TIME,81749
TIME,88824
TIME,88967
TIME,89430
TIME,92180
TIME,93559
TIME,94124
TIME,94360
TIME,94567
TIME,95389
TIME,96318
TIME,96951
TIME,98277
TIME,101652
TIME,102535
TIME,103249
TIME,104503
TIME,105716
TIME,105817
TIME,106707
TIME,108305
TIME,111809
TIME,38771
TIME,48048
TIME,53029
TIME,55892
TIME,56935
TIME,57727
TIME,60010
TIME,60882
TIME,62651
TIME,70430
TIME,72050
TIME,73691
TIME,74453
TIME,75614
TIME,76066
TIME,77112
TIME,77408
TIME,79235
TIME,85132
TIME,85269
TIME,91047
TIME,91926
TIME,92348
TIME,96457
TIME,98778
TIME,99111
TIME,99725
TIME,100607
TIME,101721
TIME,107345
TIME,111052
TIME,111300
TIME,113379
TIME,113931
TIME,117199
TIME,118032
TIME,48197
TIME,48961
TIME,49694
TIME,52935
TIME,53364
TIME,55597
TIME,55737
TIME,58711
TIME,60236
TIME,60782
TIME,63509
TIME,64273
TIME,64751
TIME,67445
TIME,83342
TIME,84292
TIME,88331
TIME,89992
TIME,90133
TIME,95070
TIME,101806
TIME,102659
TIME,105672
TIME,109826
TIME,110383
TIME,113494
TIME,114446
TIME,118657
TIME,119896
TIME,119990
TIME,121554
TIME,122662
TIME,122864
TIME,123237
TIME,124255
TIME,127181
TIME,48417
TIME,52341
TIME,52942
TIME,57284
TIME,57510
TIME,57670
TIME,61620
TIME,63858
TIME,64012
TIME,64726
TIME,64934
TIME,65053
TIME,67534
TIME,70998
TIME,71419
TIME,76702
TIME,79521
TIME,82747
TIME,83288
TIME,84989
TIME,88581
TIME,90583
TIME,91604
TIME,93443
TIME,93977
TIME,94776
TIME,97057
TIME,97498
TIME,100486
TIME,100833
TIME,101122
TIME,102480
TIME,103014
TIME,104150
TIME,105137
TIME,105327
TIME,52766
TIME,53329
TIME,59151
TIME,60215
TIME,62033
TIME,63558
TIME,65786
TIME,71445
TIME,73713
TIME,77492
TIME,77961
TIME,88487
TIME,93150
TIME,95090
TIME,95777
TIME,97250
TIME,98129
TIME,101281
TIME,101725
TIME,102033
TIME,102572
TIME,105289
TIME,111817
TIME,115163
TIME,116559
TIME,122119
TIME,128822
TIME,130192
TIME,130283
TIME,132114
TIME,134118
TIME,134808
TIME,134954
TIME,137107
TIME,138152
TIME,138404
TIME,42173
TIME,47056
TIME,47888
TIME,53435
TIME,57124
TIME,60540
TIME,66748
TIME,74022
TIME,78861
TIME,80963
TIME,89674
TIME,92561
TIME,99939
TIME,110018
TIME,111494
TIME,113209
TIME,117604
TIME,123839
TIME,126298
TIME,130388
TIME,133021
TIME,133920
TIME,134179
TIME,134584
TIME,139288
TIME,141495
TIME,142339
TIME,142709
TIME,144045
TIME,145875
TIME,148298
TIME,149245
TIME,152694
TIME,154572
TIME,155779
TIME,155803
TIME,45667
TIME,46900
TIME,47048
TIME,48848
TIME,52033
TIME,52044
TIME,54723
TIME,59417
TIME,60576
TIME,61916
TIME,62482
TIME,63293
TIME,64080
TIME,66712
TIME,71374
TIME,73184
TIME,74473
TIME,74628
TIME,77288
TIME,78446
TIME,78944
TIME,80604
TIME,80930
TIME,81272
TIME,81630
TIME,84681
TIME,89537
TIME,91671
TIME,93245
TIME,93344
TIME,94416
TIME,95918
TIME,102280
TIME,105025
TIME,105767
TIME,106915
TIME,109171
TIME,44654
TIME,49343
TIME,50851
TIME,51395
TIME,54720
TIME,55739
TIME,56627
TIME,57937
TIME,60464
TIME,61191
TIME,62930
TIME,71173
TIME,72149
TIME,72859
TIME,74331
TIME,74810
TIME,75192
TIME,78741
TIME,81678
TIME,82247
TIME,83607
TIME,86311
TIME,88879
TIME,89522
TIME,90559
TIME,96287
TIME,98144
TIME,98764
TIME,99695
TIME,101903
TIME,102540
TIME,103344
TIME,108651
TIME,110485
TIME,111036
TIME,111533
TIME,112097
TIME,39274
TIME,46706
TIME,52653
TIME,53315
TIME,54344
TIME,55006
TIME,58457
TIME,61824
TIME,63238
TIME,64878
TIME,66457
TIME,70416
TIME,71264
TIME,71853
TIME,74538
TIME,79399
TIME,86388
TIME,87634
TIME,91400
TIME,94101
TIME,97043
TIME,97532
TIME,98972
TIME,99524
TIME,103307
TIME,105975
TIME,109767
TIME,109931
TIME,110901
TIME,114352
TIME,118729
TIME,119747
TIME,120205
TIME,120981
TIME,121087
TIME,121734
TIME,122790
TIME,39438
TIME,45693
TIME,45965
TIME,46785
TIME,49263
TIME,50714
TIME,55266
TIME,57187
TIME,59238
TIME,59942
TIME,61205
TIME,64291
TIME,65158
TIME,66020
TIME,66804
TIME,72646
TIME,72887
TIME,76241
TIME,77989
TIME,80491
TIME,81223
TIME,84499
TIME,84947
TIME,89193
TIME,90380
TIME,91532
TIME,92344
TIME,94146
TIME,95254
TIME,98787
TIME,99911
TIME,100073
TIME,100870
TIME,101000
TIME,102536
TIME,103117
TIME,104176
TIME,44975
TIME,52280
TIME,53469
TIME,55875
TIME,56505
TIME,57700
TIME,58607
TIME,61383
TIME,62332
TIME,64692
TIME,65347
TIME,66835
TIME,68033
TIME,68812
TIME,72438
TIME,72892
TIME,73317
TIME,79565
TIME,79905
TIME,82773
TIME,84229
TIME,85594
TIME,86637
TIME,87889
TIME,92487
TIME,94630
TIME,99044
TIME,100336
TIME,101453
TIME,102767
TIME,102830
TIME,103918
TIME,104063
TIME,105823
TIME,105899
TIME,106182
TIME,106950
TIME,41895
TIME,42093
TIME,43953
TIME,50434
TIME,51538
TIME,61560
TIME,63244
TIME,63989
TIME,69847
TIME,69874
TIME,73983
TIME,75059
TIME,76221
TIME,77246
TIME,81483
TIME,82481
TIME,84170
TIME,84749
TIME,89003
TIME,89594
TIME,92006
TIME,96734
TIME,98376
TIME,99248
TIME,103140
TIME,104062
TIME,108036
TIME,108662
TIME,108974
TIME,109500
TIME,111235
TIME,115444
TIME,118129
TIME,118547
TIME,119547
TIME,121578
TIME,123457
TIME,41455
TIME,41959
TIME,45488
TIME,46933
TIME,50498
TIME,53800
TIME,53954
TIME,56069
TIME,56593
TIME,57330
TIME,57725
TIME,58668
TIME,60294
TIME,66821
TIME,67466
TIME,67956
TIME,70006
TIME,76915
TIME,77785
TIME,80827
TIME,84234
TIME,84395
TIME,86667
TIME,87455
TIME,87758
TIME,88901
TIME,89052
TIME,89724
TIME,92691
TIME,95142
TIME,95198
TIME,101272
TIME,101415
TIME,103523
TIME,104610
TIME,105316
TIME,106950
TIME,42142
TIME,45085
TIME,47822
TIME,50902
TIME,51246
TIME,52832
TIME,56598
TIME,56900
TIME,59958
TIME,61070
TIME,62838
TIME,65247
TIME,66655
TIME,67980
TIME,71949
TIME,73097
TIME,73721
TIME,78998
TIME,79378
TIME,82125
TIME,82662
TIME,82834
TIME,86169
TIME,87004
TIME,89230
TIME,91605
TIME,92717
TIME,94194
TIME,94845
TIME,97292
TIME,99172
TIME,99440
TIME,100148
TIME,101170
TIME,104269
TIME,106706
TIME,107443
TIME,38295
TIME,43427
TIME,55491
TIME,56038
TIME,56868
TIME,57133
TIME,65031
TIME,65696
TIME,66652
TIME,70550
TIME,70781
TIME,74907
TIME,76373
TIME,78333
TIME,78970
TIME,82677
TIME,85628
TIME,86514
TIME,87481
TIME,88780
TIME,89224
TIME,90149
TIME,91109
TIME,94237
TIME,97385
TIME,97876
TIME,98756
TIME,98850
TIME,99733
TIME,104358
TIME,106762
TIME,108596
TIME,109374
TIME,109573
TIME,111882
TIME,112111
TIME,113384
TIME,41829
TIME,43672
TIME,49904
TIME,50918
TIME,51297
TIME,51777
TIME,58465
TIME,58986
TIME,59427
TIME,61091
TIME,62863
TIME,63521
TIME,64691
TIME,68244
TIME,72141
TIME,72282
TIME,73397
TIME,74435
TIME,79997
TIME,82928
TIME,82976
TIME,85126
TIME,88544
TIME,90401
TIME,90498
TIME,91714
TIME,92329
TIME,95953
TIME,99810
TIME,103612
TIME,103955
TIME,105256
TIME,107823
TIME,110266
TIME,110336
TIME,113407
TIME,115533
TIME,41872
TIME,48673
TIME,51287
TIME,54377
TIME,60981
TIME,64044
TIME,66300
TIME,66683
TIME,67597
TIME,73685
TIME,75268
TIME,75476
TIME,76020
TIME,76956
TIME,78074
TIME,78916
TIME,82007
TIME,89141
TIME,90409
TIME,91685
TIME,91821
TIME,95388
TIME,102329
TIME,104974
TIME,109096
TIME,109534
TIME,110668
TIME,115229
TIME,115379
TIME,116242
TIME,117025
TIME,119363
TIME,119775
TIME,120406
TIME,121688
TIME,122956
TIME,123698
TIME,48522
TIME,53862
TIME,54507
TIME,79056
TIME,81140
TIME,81561
TIME,84393
TIME,86216
TIME,94268
TIME,96943
TIME,97763
TIME,104043
TIME,107966
TIME,113609
TIME,116636
TIME,118613
TIME,119853
TIME,120262
TIME,120515
TIME,121989
TIME,123304
TIME,125361
TIME,125847
TIME,128267
TIME,129930
TIME,131123
TIME,131174
TIME,133806
TIME,136673
TIME,137780
TIME,137897
TIME,140841
TIME,145045
TIME,145292
TIME,145795
TIME,146477
TIME,147429
TIME,43823
TIME,48851
TIME,51724
TIME,58887
TIME,61101
TIME,62881
TIME,64003
TIME,71982
TIME,74141
TIME,78371
TIME,79843
TIME,81038
TIME,81496
TIME,82983
TIME,84024
TIME,84140
TIME,92205
TIME,98778
TIME,99149
TIME,102688
TIME,103957
TIME,106427
TIME,107101
TIME,109029
TIME,110898
TIME,113009
TIME,118230
TIME,118924
TIME,120037
TIME,123109
TIME,125142
TIME,126122
TIME,126611
TIME,127103
TIME,128728
TIME,130452
TIME,132734
TIME,43877
TIME,50313
TIME,52743
TIME,53997
TIME,54934
TIME,56229
TIME,56345
TIME,57908
TIME,58067
TIME,60827
TIME,64201
TIME,71534
TIME,71708
TIME,72771
TIME,73316
TIME,77943
TIME,79607
TIME,80508
TIME,84084
TIME,88021
TIME,88739
TIME,89565
TIME,90327
TIME,90845
TIME,91312
TIME,94189
TIME,95133
TIME,99300
TIME,100125
TIME,101193
TIME,101522
TIME,101915
TIME,103585
TIME,104475
TIME,105309
TIME,107094
TIME,107416
TIME,44686
TIME,48496
TIME,49804
TIME,53296
TIME,55416
TIME,60780
TIME,68508
TIME,69570
TIME,76313
TIME,76871
TIME,77608
TIME,77625
TIME,82098
TIME,85064
TIME,86143
TIME,92448
TIME,93422
TIME,96888
TIME,101308
TIME,108283
TIME,109026
TIME,109268
TIME,115377
TIME,115967
TIME,117647
TIME,123441
TIME,123515
TIME,124933
TIME,127832
TIME,129929
TIME,130076
TIME,131883
TIME,132016
TIME,132532
TIME,134192
TIME,135338
TIME,137470
TIME,41875
TIME,46117
TIME,51914
TIME,54008
TIME,57970
TIME,58274
TIME,60601
TIME,62755
TIME,63670
TIME,65945
TIME,66569
TIME,66962
TIME,67882
TIME,75480
TIME,78781
TIME,79437
TIME,79755
TIME,81141
TIME,85113
TIME,85812
TIME,86639
TIME,87208
TIME,87994
TIME,88929
TIME,89472
TIME,91475
TIME,93680
TIME,94400
TIME,94559
TIME,95853
TIME,96289
TIME,96550
TIME,97381
TIME,99974
TIME,102286
TIME,105027
TIME,105527
TIME,42809
TIME,46253
TIME,49126
TIME,50297
TIME,55098
TIME,55547
TIME,55642
TIME,56183
TIME,60101
TIME,60426
TIME,63955
TIME,64065
TIME,64651
TIME,71300
TIME,77417
TIME,85422
TIME,86140
TIME,86477
TIME,89632
TIME,90060
TIME,92104
TIME,98525
TIME,98838
TIME,98979
TIME,99199
TIME,102888
TIME,103313
TIME,104799
TIME,106961
TIME,107308
TIME,115391
TIME,116409
TIME,116731
TIME,117482
TIME,117838
TIME,119286
TIME,120203
TIME,59636
TIME,67733
TIME,68794
TIME,71832
TIME,73492
TIME,75536
TIME,78657
TIME,79138
TIME,83116
TIME,86562
TIME,87349
TIME,88384
TIME,88482
TIME,90426
TIME,94332
TIME,96494
TIME,97441
TIME,97758
TIME,97901
TIME,99240
TIME,106994
TIME,108269
TIME,109777
TIME,110171
TIME,110455
TIME,111555
TIME,113397
TIME,114920
TIME,116123
TIME,117589
TIME,118616
TIME,120325
TIME,120859
TIME,122219
TIME,123502
TIME,126079
TIME,126512
TIME,35488
TIME,45700
TIME,50860
TIME,54408
TIME,55516
TIME,56273
TIME,59145
TIME,60159
TIME,63250
TIME,67353
TIME,70229
TIME,70611
TIME,71642
TIME,74226
TIME,78151
TIME,80243
TIME,83831
TIME,84151
TIME,86046
TIME,90331
TIME,90372
TIME,91260
TIME,93278
TIME,93903
TIME,94483
TIME,96999
TIME,99815
TIME,100419
TIME,102272
TIME,102427
TIME,103243
TIME,107058
TIME,107722
TIME,111017
TIME,111556
TIME,111830
TIME,113144
TIME,47726
TIME,48634
TIME,51531
TIME,55916
TIME,56843
TIME,57919
TIME,58548
TIME,66974
TIME,68564
TIME,69809
TIME,72923
TIME,73623
TIME,74840
TIME,75309
TIME,75900
TIME,79971
TIME,82493
TIME,83190
TIME,87121
TIME,91999
TIME,95153
TIME,96209
TIME,96307
TIME,96934
TIME,98198
TIME,98987
TIME,101258
TIME,102040
TIME,104399
TIME,105616
TIME,106094
TIME,106179
TIME,107014
TIME,107431
TIME,108800
TIME,109633
TIME,109855
TIME,45935
TIME,48076
TIME,55268
TIME,57042
TIME,59468
TIME,65694
TIME,66703
TIME,69941
TIME,72617
TIME,75466
TIME,77400
TIME,80644
TIME,82272
TIME,83014
TIME,88045
TIME,95151
TIME,99572
TIME,100734
TIME,104476
TIME,107587
TIME,109057
TIME,109323
TIME,112032
TIME,114620
TIME,115005
TIME,115798
TIME,116524
TIME,121054
TIME,121192
TIME,122123
TIME,122683
TIME,123162
TIME,123699
TIME,125308
TIME,125755
TIME,128418
TIME,129708
TIME,42902
TIME,43396
TIME,44220
TIME,51079
TIME,52787
TIME,54935
TIME,59287
TIME,59759
TIME,65834
TIME,68854
TIME,71584
TIME,76490
TIME,76587
TIME,77219
TIME,88540
TIME,88783
TIME,88881
TIME,90070
TIME,90509
TIME,91034
TIME,91740
TIME,92374
TIME,97039
TIME,98527
TIME,99628
TIME,100983
TIME,101878
TIME,102596
TIME,102813
TIME,104639
TIME,105893
TIME,106735
TIME,107535
TIME,108589
TIME,111488
TIME,112670
TIME,113825
TIME,51399
TIME,52857
TIME,54406
TIME,56381
TIME,56673
TIME,61686
TIME,63924
TIME,65772
TIME,66168
TIME,68616
TIME,68752
TIME,69202
TIME,70400
TIME,71337
TIME,72632
TIME,73377
TIME,75627
TIME,81092
TIME,81301
TIME,82215
TIME,82555
TIME,83682
TIME,87049
TIME,88667
TIME,89389
TIME,94762
TIME,94856
TIME,95603
TIME,96027
TIME,96178
TIME,97750
TIME,98002
TIME,98956
TIME,100380
TIME,101866
TIME,104940
TIME,106027
TIME,45783
TIME,50335
TIME,52879
TIME,53260
TIME,53736
TIME,59927
TIME,61473
TIME,62221
TIME,62243
TIME,66677
TIME,68793
TIME,71430
TIME,71924
TIME,78063
TIME,78704
TIME,80516
TIME,84364
TIME,86535
TIME,91325
TIME,93138
TIME,94691
TIME,95600
TIME,96107
TIME,96663
TIME,96851
TIME,98113
TIME,98694
TIME,100045
TIME,100955
TIME,101556
TIME,101890
TIME,106152
TIME,107893
TIME,108478
TIME,108726
TIME,111643
TIME,112195
TIME,48141
TIME,51192
TIME,52061
TIME,53090
TIME,55336
TIME,58063
TIME,59332
TIME,60607
TIME,63874
TIME,72587
TIME,78464
TIME,80030
TIME,83175
TIME,83565
TIME,84381
TIME,85070
TIME,89175
TIME,93905
TIME,98290
TIME,99210
TIME,100062
TIME,101384
TIME,103424
TIME,104219
TIME,104307
TIME,104746
TIME,105887
TIME,107049
TIME,108810
TIME,109593
TIME,110830
TIME,111449
TIME,112162
TIME,115707
TIME,116435
TIME,116777
TIME,47171
TIME,49130
TIME,52998
TIME,53583
TIME,54362
TIME,58442
TIME,65286
TIME,67751
TIME,70696
TIME,73647
TIME,74042
TIME,75679
TIME,76353
TIME,77750
TIME,82558
TIME,88098
TIME,88706
TIME,88823
TIME,89288
TIME,92575
TIME,93782
TIME,96382
TIME,97815
TIME,98534
TIME,100732
TIME,102039
TIME,102331
TIME,104003
TIME,104427
TIME,105419
TIME,106992
TIME,110283
TIME,111760
TIME,113215
TIME,113982
TIME,114622
TIME,43332
TIME,49483
TIME,49855
TIME,59800
TIME,60601
TIME,61701
TIME,62044
TIME,64818
TIME,64865
TIME,67267
TIME,68715
TIME,68738
TIME,73824
TIME,75140
TIME,79425
TIME,81982
TIME,82268
TIME,83162
TIME,85374
TIME,86806
TIME,87713
TIME,91085
TIME,92740
TIME,94330
TIME,95610
TIME,96863
TIME,97473
TIME,98347
TIME,99442
TIME,100400
TIME,100758
TIME,100802
TIME,102118
TIME,104546
TIME,105003
TIME,107127
TIME,37332
TIME,42190
TIME,48342
TIME,48837
TIME,55058
TIME,58559
TIME,62456
TIME,66564
TIME,76921
TIME,77568
TIME,80136
TIME,80377
TIME,80492
TIME,80783
TIME,81404
TIME,85270
TIME,86477
TIME,90197
TIME,91867
TIME,94751
TIME,95659
TIME,96127
TIME,98776
TIME,99830
TIME,100919
TIME,101540
TIME,101707
TIME,102996
TIME,104058
TIME,106181
TIME,107177
TIME,110322
TIME,113554
TIME,115025
TIME,115610
TIME,116196
TIME,40775
TIME,49443
TIME,51213
TIME,52197
TIME,55112
TIME,56873
TIME,56907
TIME,58025
TIME,68207
TIME,68896
TIME,69761
TIME,69878
TIME,70231
TIME,71342
TIME,71539
TIME,72965
TIME,75156
TIME,79062
TIME,79751
TIME,82047
TIME,86308
TIME,86937
TIME,88503
TIME,88954
TIME,90494
TIME,90599
TIME,91427
TIME,92010
TIME,93231
TIME,96776
TIME,99771
TIME,100937
TIME,101508
TIME,102680
TIME,103082
TIME,104199
TIME,45018
TIME,51347
TIME,56207
TIME,59091
TIME,61572
TIME,61919
TIME,62710
TIME,64776
TIME,68364
TIME,69045
TIME,69483
TIME,77947
TIME,78834
TIME,79696
TIME,80281
TIME,81441
TIME,85028
TIME,85135
TIME,86253
TIME,87303
TIME,87860
TIME,87877
TIME,92281
TIME,96602
TIME,96701
TIME,98274
TIME,100291
TIME,100388
TIME,102462
TIME,104882
TIME,105439
TIME,106568
TIME,106820
TIME,108364
TIME,108715
TIME,109159
TIME,42664
TIME,44270
TIME,45587
TIME,45678
TIME,55009
TIME,55162
TIME,62408
TIME,65882
TIME,68062
TIME,68627
TIME,69131
TIME,70921
TIME,72004
TIME,75911
TIME,78078
TIME,82426
TIME,84765
TIME,84969
TIME,85310
TIME,88897
TIME,92735
TIME,93620
TIME,95431
TIME,96575
TIME,96736
TIME,97178
TIME,102173
TIME,102406
TIME,102970
TIME,103476
TIME,104309
TIME,104417
TIME,106067
TIME,107488
TIME,110250
TIME,111234
TIME,41017
TIME,41692
TIME,51601
TIME,52559
TIME,54181
TIME,63827
TIME,71555
TIME,71859
TIME,72265
TIME,89750
TIME,90779
TIME,95246
TIME,96669
TIME,100167
TIME,101072
TIME,104475
TIME,108476
TIME,108972
TIME,109194
TIME,110766
TIME,112766
TIME,113550
TIME,113944
TIME,115062
TIME,120491
TIME,122754
TIME,123474
TIME,123864
TIME,124795
TIME,125323
TIME,127444
TIME,128311
TIME,128810
TIME,130595
TIME,131784
TIME,133765
TIME,41388
TIME,43631
TIME,45149
TIME,47578
TIME,51576
TIME,55898
TIME,56352
TIME,56801
TIME,59616
TIME,69291
TIME,70671
TIME,71070
TIME,72801
TIME,75342
TIME,76666
TIME,79661
TIME,80028
TIME,82249
TIME,82404
TIME,83777
TIME,83837
TIME,83927
TIME,86419
TIME,88205
TIME,89724
TIME,93161
TIME,97731
TIME,98309
TIME,99372
TIME,101738
TIME,102214
TIME,104502
TIME,105667
TIME,106359
TIME,106959
TIME,107325
TIME,51082
TIME,52467
TIME,54975
TIME,57531
TIME,58058
TIME,58544
TIME,60540
TIME,60767
TIME,60858
TIME,66319
TIME,67075
TIME,67374
TIME,67946
TIME,72777
TIME,74640
TIME,76636
TIME,76964
TIME,77579
TIME,78130
TIME,78569
TIME,79595
TIME,80891
TIME,86555
TIME,89465
TIME,91026
TIME,91331
TIME,92999
TIME,95052
TIME,95149
TIME,95933
TIME,97302
TIME,98344
TIME,99530
TIME,101107
TIME,101141
TIME,101149
TIME,39904
TIME,40327
TIME,41617
TIME,46243
TIME,49915
TIME,50253
TIME,54182
TIME,60797
TIME,66976
TIME,67763
TIME,73184
TIME,73456
TIME,77410
TIME,80229
TIME,83990
TIME,84863
TIME,90067
TIME,90895
TIME,91274
TIME,91425
TIME,92766
TIME,94935
TIME,98651
TIME,100372
TIME,101972
TIME,102014
TIME,105085
TIME,107614
TIME,109827
TIME,109868
TIME,111168
TIME,112767
TIME,114076
TIME,114878
TIME,117351
TIME,117500
TIME,34633
TIME,48690
TIME,51157
TIME,52590
TIME,52908
TIME,54158
TIME,55944
TIME,57670
TIME,58249
TIME,59280
TIME,60949
TIME,61853
TIME,63963
TIME,64131
TIME,66349
TIME,70914
TIME,71411
TIME,71890
TIME,73374
TIME,74462
TIME,77047
TIME,79917
TIME,84484
TIME,88247
TIME,88732
TIME,89281
TIME,94406
TIME,99349
TIME,99435
TIME,99836
TIME,104332
TIME,104589
TIME,108698
TIME,110505
TIME,111215
TIME,111674
TIME,40693
TIME,41118
TIME,47490
TIME,48450
TIME,52754
TIME,57078
TIME,60532
TIME,61676
TIME,61939
TIME,62821
TIME,68250
TIME,71954
TIME,77348
TIME,79817
TIME,81853
TIME,82756
TIME,83384
TIME,88221
TIME,88631
TIME,89030
TIME,93359
TIME,95012
TIME,96374
TIME,98383
TIME,102913
TIME,104542
TIME,104957
TIME,106691
TIME,108251
TIME,109873
TIME,110027
TIME,110416
TIME,110654
TIME,113153
TIME,113760
TIME,114480
TIME,41841
TIME,46755
TIME,55700
TIME,56133
TIME,58538
TIME,60310
TIME,62441
TIME,63472
TIME,66914
TIME,67099
TIME,68035
TIME,69985
TIME,73572
TIME,78324
TIME,80257
TIME,80954
TIME,81203
TIME,85615
TIME,88253
TIME,89255
TIME,89964
TIME,94194
TIME,95513
TIME,95630
TIME,97079
TIME,97712
TIME,98845
TIME,101873
TIME,105936
TIME,106040
TIME,106439
TIME,107774
TIME,108810
TIME,109062
TIME,110229
TIME,111632
TIME,41713
TIME,42292
TIME,47166
TIME,50408
TIME,51701
TIME,60669
TIME,85716
TIME,86414
TIME,87265
TIME,87492
TIME,90623
TIME,91933
TIME,94829
TIME,96122
TIME,97686
TIME,100551
TIME,102931
TIME,105973
TIME,111411
TIME,113788
TIME,125212
TIME,133640
TIME,133881
TIME,134178
TIME,134778
TIME,138373
TIME,139653
TIME,141526
TIME,142033
TIME,143459
TIME,144239
TIME,148098
TIME,150142
TIME,150274
TIME,151104
TIME,153338
TIME,43724
TIME,45098
TIME,48299
TIME,53429
TIME,55236
TIME,56290
TIME,59264
TIME,61403
TIME,62365
TIME,63426
TIME,65511
TIME,66207
TIME,66753
TIME,68039
TIME,69078
TIME,70185
TIME,72945
TIME,74510
TIME,78966
TIME,83683
TIME,84716
TIME,84870
TIME,85718
TIME,91141
TIME,96012
TIME,97276
TIME,97457
TIME,100112
TIME,101152
TIME,103742
TIME,104888
TIME,105053
TIME,105820
TIME,106455
TIME,106770
TIME,107726
TIME,41970
TIME,43466
TIME,45764
TIME,47700
TIME,54711
TIME,59433
TIME,59864
TIME,62503
TIME,63888
TIME,64722
TIME,65100
TIME,70919
TIME,71126
TIME,72524
TIME,73078
TIME,73558
TIME,77111
TIME,77382
TIME,78600
TIME,85382
TIME,85409
TIME,85703
TIME,88630
TIME,91632
TIME,92955
TIME,93010
TIME,93417
TIME,96712
TIME,98478
TIME,101521
TIME,101871
TIME,102953
TIME,103136
TIME,103755
TIME,105897
TIME,107089
TIME,41609
TIME,45706
TIME,46254
TIME,47679
TIME,51182
TIME,54853
TIME,55388
TIME,55944
TIME,59489
TIME,59804
TIME,62894
TIME,68461
TIME,69829
TIME,71868
TIME,73775
TIME,75267
TIME,76810
TIME,77892
TIME,79828
TIME,80699
TIME,81648
TIME,82447
TIME,87673
TIME,87848
TIME,88144
TIME,91091
TIME,91477
TIME,92400
TIME,93972
TIME,94412
TIME,95250
TIME,95863
TIME,97823
TIME,98650
TIME,99260
TIME,102945
TIME,109001
TIME,40658
TIME,45995
TIME,47135
TIME,50760
TIME,57173
TIME,57718
TIME,59204
TIME,69147
TIME,69650
TIME,71120
TIME,71660
TIME,74753
TIME,75942
TIME,77896
TIME,81670
TIME,82200
TIME,83725
TIME,84871
TIME,86105
TIME,86539
TIME,87021
TIME,88591
TIME,91113
TIME,92060
TIME,93472
TIME,96082
TIME,101678
TIME,105488
TIME,109229
TIME,109792
TIME,109915
TIME,110957
TIME,111442
TIME,113549
TIME,115407
TIME,116521
TIME,116764
TIME,47887
TIME,47936
TIME,49020
TIME,55367
TIME,57165
TIME,59955
TIME,60323
TIME,61675
TIME,69359
TIME,69783
TIME,69920
TIME,70686
TIME,71413
TIME,71584
TIME,71721
TIME,72011
TIME,72938
TIME,73681
TIME,75827
TIME,76319
TIME,80745
TIME,81851
TIME,82770
TIME,83161
TIME,87734
TIME,88363
TIME,89493
TIME,91875
TIME,93530
TIME,97030
TIME,98234
TIME,100044
TIME,100571
TIME,101345
TIME,101779
TIME,102566
TIME,102639
TIME,44132
TIME,45655
TIME,46145
TIME,49236
TIME,54068
TIME,54507
TIME,55346
TIME,58973
TIME,62206
TIME,62770
TIME,65341
TIME,65892
TIME,73880
TIME,77740
TIME,79373
TIME,82008
TIME,82955
TIME,83410
TIME,87561
TIME,87973
TIME,89113
TIME,90326
TIME,90484
TIME,94104
TIME,96097
TIME,97641
TIME,99063
TIME,100164
TIME,103329
TIME,103958
TIME,105867
TIME,107820
TIME,109126
TIME,109488
TIME,109881
TIME,110434
TIME,111871
TIME,44379
TIME,48122
TIME,51343
TIME,53736
TIME,54394
TIME,57109
TIME,58627
TIME,60779
TIME,61807
TIME,62113
TIME,63919
TIME,65668
TIME,67142
TIME,69453
TIME,77983
TIME,78534
TIME,82903
TIME,88018
TIME,93138
TIME,94017
TIME,94438
TIME,95426
TIME,99715
TIME,105791
TIME,106972
TIME,106988
TIME,107214
TIME,108478
TIME,111267
TIME,113367
TIME,114222
TIME,115363
TIME,115504
TIME,116290
TIME,116924
TIME,117783
TIME,119070
TIME,39325
TIME,41438
TIME,49009
TIME,49670
TIME,51896
TIME,52829
TIME,54871
TIME,57664
TIME,59373
TIME,60555
TIME,61686
TIME,63925
TIME,67506
TIME,69526
TIME,70177
TIME,72066
TIME,74262
TIME,76488
TIME,80110
TIME,81512
TIME,82245
TIME,86576
TIME,90891
TIME,96524
TIME,99347
TIME,99597
TIME,99648
TIME,100997
TIME,101699
TIME,103177
TIME,104840
TIME,105251
TIME,110506
TIME,111082
TIME,111385
TIME,113061
TIME,113950
TIME,42312
TIME,45376
TIME,52967
TIME,54846
TIME,55529
TIME,55679
TIME,59318
TIME,59908
TIME,62436
TIME,63038
TIME,66829
TIME,68887
TIME,71748
TIME,73757
TIME,74136
TIME,77920
TIME,78331
TIME,80518
TIME,82846
TIME,83223
TIME,86392
TIME,87462
TIME,88347
TIME,88628
TIME,88892
TIME,89998
TIME,90249
TIME,91615
TIME,93544
TIME,97092
TIME,101994
TIME,102191
TIME,103636
TIME,105517
TIME,105915
TIME,106641
TIME,108606
TIME,42450
TIME,45237
TIME,49319
TIME,53956
TIME,54983
TIME,63789
TIME,65254
TIME,67446
TIME,68669
TIME,69717
TIME,74173
TIME,74902
TIME,77991
TIME,79140
TIME,80088
TIME,91446
TIME,91772
TIME,92545
TIME,93833
TIME,94470
TIME,94616
TIME,95077
TIME,95407
TIME,98116
TIME,98951
TIME,100906
TIME,102610
TIME,103470
TIME,104258
TIME,105359
TIME,106809
TIME,107633
TIME,111175
TIME,113204
TIME,114281
TIME,114528
TIME,114879
TIME,43606
TIME,44564
TIME,46721
TIME,50586
TIME,50933
TIME,51932
TIME,57142
TIME,59117
TIME,63001
TIME,63575
TIME,65637
TIME,66629
TIME,68070
TIME,70678
TIME,71424
TIME,72991
TIME,73869
TIME,75185
TIME,75779
TIME,77598
TIME,80415
TIME,83580
TIME,87634
TIME,89821
TIME,89840
TIME,92894
TIME,94312
TIME,97354
TIME,98229
TIME,98797
TIME,100776
TIME,101867
TIME,106398
TIME,107084
TIME,109837
TIME,110712
TIME,110775
TIME,46324
TIME,48594
TIME,50280
TIME,52850
TIME,56689
TIME,59432
TIME,59795
TIME,64005
TIME,64187
TIME,64772
TIME,65415
TIME,68924
TIME,75325
TIME,77341
TIME,78158
TIME,78615
TIME,79849
TIME,80784
TIME,83162
TIME,85997
TIME,93053
TIME,93192
TIME,95008
TIME,101402
TIME,103920
TIME,104643
TIME,105130
TIME,105602
TIME,107085
TIME,107622
TIME,110371
TIME,114033
TIME,114668
TIME,115906
TIME,117012
TIME,121318
TIME,122585
TIME,43761
TIME,48437
TIME,48706
TIME,49080
TIME,58178
TIME,59254
TIME,66299
TIME,68306
TIME,72194
TIME,72551
TIME,73663
TIME,75460
TIME,76789
TIME,76822
TIME,81628
TIME,82817
TIME,83518
TIME,86731
TIME,93016
TIME,93981
TIME,94031
TIME,95319
TIME,96153
TIME,97125
TIME,102135
TIME,102726
TIME,103671
TIME,106913
TIME,109405
TIME,111417
TIME,111776
TIME,113270
TIME,114992
TIME,115579
TIME,116049
TIME,116720
TIME,117051
TIME,44801
TIME,45216
TIME,45658
TIME,51015
TIME,53495
TIME,54460
TIME,56416
TIME,56856
TIME,64043
TIME,64243
TIME,64954
TIME,64985
TIME,72987
TIME,73906
TIME,81001
TIME,82369
TIME,83005
TIME,83451
TIME,86309
TIME,87895
TIME,109082
TIME,111052
TIME,111718
TIME,113738
TIME,113921
TIME,113941
TIME,116804
TIME,118097
TIME,118566
TIME,121135
TIME,122635
TIME,125024
TIME,126690
TIME,127857
TIME,128089
TIME,129662
TIME,130139
TIME,44554
TIME,45000
TIME,48581
TIME,50266
TIME,53263
TIME,54120
TIME,54429
TIME,57825
TIME,58170
TIME,64680
TIME,67197
TIME,68267
TIME,71284
TIME,72900
TIME,74997
TIME,76965
TIME,77116
TIME,79270
TIME,81786
TIME,83597
TIME,86835
TIME,89079
TIME,89398
TIME,89792
TIME,90721
TIME,92145
TIME,96907
TIME,97611
TIME,100783
TIME,103755
TIME,104334
TIME,105532
TIME,105680
TIME,105928
TIME,107660
TIME,107803
TIME,112139
TIME,38507
TIME,50321
TIME,58685
TIME,62656
TIME,63298
TIME,65141
TIME,66021
TIME,67012
TIME,67424
TIME,69307
TIME,71718
TIME,72245
TIME,74102
TIME,77506
TIME,78206
TIME,79081
TIME,80381
TIME,83297
TIME,84665
TIME,85413
TIME,88686
TIME,89136
TIME,91374
TIME,91614
TIME,92396
TIME,93548
TIME,97143
TIME,99813
TIME,101832
TIME,103342
TIME,104557
TIME,116772
TIME,119059
TIME,121369
TIME,122698
TIME,123674
TIME,127320
TIME,41820
TIME,44008
TIME,45018
TIME,48952
TIME,52509
TIME,53022
TIME,58570
TIME,59183
TIME,61440
TIME,64333
TIME,64815
TIME,65192
TIME,68776
TIME,70058
TIME,70879
TIME,72224
TIME,72771
TIME,75391
TIME,77936
TIME,81530
TIME,83125
TIME,91848
TIME,93201
TIME,93881
TIME,97791
TIME,103048
TIME,103100
TIME,103451
TIME,107464
TIME,110876
TIME,111030
TIME,111316
TIME,111502
TIME,112630
TIME,115475
TIME,117741
TIME,120216
TIME,37332
TIME,47833
TIME,49872
TIME,53982
TIME,56772
TIME,57324
TIME,60923
TIME,66315
TIME,67550
TIME,67651
TIME,67921
TIME,68610
TIME,71834
TIME,78081
TIME,78482
TIME,79374
TIME,80137
TIME,83411
TIME,85196
TIME,86318
TIME,86564
TIME,86804
TIME,90643
TIME,92213
TIME,94378
TIME,95599
TIME,100645
TIME,101681
TIME,104807
TIME,106740
TIME,107279
TIME,108316
TIME,108438
TIME,108754
TIME,108804
TIME,109543
TIME,110678
TIME,42809
TIME,43326
TIME,50796
TIME,54555
TIME,55574
TIME,56716
TIME,57943
TIME,64125
TIME,65860
TIME,67411
TIME,68586
TIME,68782
TIME,69226
TIME,73371
TIME,75106
TIME,75131
TIME,76243
TIME,76785
TIME,81956
TIME,83212
TIME,87330
TIME,88901
TIME,89400
TIME,91518
TIME,97359
TIME,98124
TIME,98781
TIME,99470
TIME,102973
TIME,109733
TIME,109953
TIME,110347
TIME,110591
TIME,110882
TIME,111853
TIME,112711
TIME,113506
TIME,43271
TIME,45066
TIME,48995
TIME,50729
TIME,57295
TIME,58046
TIME,67635
TIME,68946
TIME,69004
TIME,71739
TIME,73295
TIME,74611
TIME,77032
TIME,79657
TIME,80368
TIME,81928
TIME,82055
TIME,90413
TIME,93769
TIME,94804
TIME,96566
TIME,98999
TIME,99560
TIME,99887
TIME,104658
TIME,104879
TIME,106343
TIME,110555
TIME,110704
TIME,111484
TIME,112065
TIME,112530
TIME,113800
TIME,114591
TIME,115227
TIME,115812
TIME,118435
TIME,46774
TIME,46804
TIME,47320
TIME,48654
TIME,49042
TIME,56998
TIME,57107
TIME,58658
TIME,59267
TIME,59768
TIME,61970
TIME,63925
TIME,64621
TIME,73714
TIME,75908
TIME,76416
TIME,77655
TIME,78332
TIME,80191
TIME,80484
TIME,84199
TIME,84622
TIME,86102
TIME,86206
TIME,90223
TIME,91487
TIME,93229
TIME,93896
TIME,99686
TIME,99697
TIME,100024
TIME,102080
TIME,106700
TIME,108354
TIME,109638
TIME,110630
TIME,111779
TIME,40609
TIME,42138
TIME,42987
TIME,46534
TIME,54277
TIME,54330
TIME,57299
TIME,62516
TIME,65748
TIME,69697
TIME,69846
TIME,70658
TIME,71522
TIME,74599
TIME,75192
TIME,77401
TIME,80710
TIME,81201
TIME,81582
TIME,84737
TIME,90270
TIME,90552
TIME,96309
TIME,99603
TIME,103170
TIME,104042
TIME,105449
TIME,111477
TIME,113397
TIME,113604
TIME,113713
TIME,115130
TIME,116520
TIME,117214
TIME,118966
TIME,119917
TIME,122208
TIME,41999
TIME,42465
TIME,44879
TIME,46278
TIME,50164
TIME,53491
TIME,54943
TIME,55187
TIME,58316
TIME,60626
TIME,62106
TIME,65084
TIME,65835
TIME,72896
TIME,73769
TIME,75745
TIME,76183
TIME,76535
TIME,77331
TIME,81169
TIME,81976
TIME,85965
TIME,86694
TIME,87007
TIME,87789
TIME,88346
TIME,91163
TIME,92003
TIME,93468
TIME,101498
TIME,103234
TIME,104270
TIME,107441
TIME,108873
TIME,109675
TIME,110338
TIME,110679
TIME,40410
TIME,43016
TIME,43528
TIME,49161
TIME,52854
TIME,53645
TIME,55459
TIME,57712
TIME,58408
TIME,58503
TIME,61240
TIME,69235
TIME,69497
TIME,70748
TIME,71209
TIME,73490
TIME,75177
TIME,77958
TIME,79926
TIME,80972
TIME,81125
TIME,82485
TIME,82671
TIME,83294
TIME,83415
TIME,83784
TIME,85075
TIME,86519
TIME,87351
TIME,89228
TIME,94472
TIME,96273
TIME,100837
TIME,102179
TIME,104218
TIME,105314
TIME,106122
TIME,34240
TIME,37001
TIME,45391
TIME,46239
TIME,46481
TIME,50454
TIME,50643
TIME,53247
TIME,53890
TIME,55310
TIME,57076
TIME,59646
TIME,62841
TIME,62947
TIME,64027
TIME,65506
TIME,68835
TIME,68844
TIME,73374
TIME,75606
TIME,75968
TIME,76084
TIME,77160
TIME,84660
TIME,86351
TIME,87294
TIME,87416
TIME,87835
TIME,89793
TIME,95273
TIME,95961
TIME,97753
TIME,98237
TIME,98635
TIME,102785
TIME,105522
TIME,106770
TIME,40450
TIME,46966
TIME,48834
TIME,51567
TIME,52617
TIME,54963
TIME,58419
TIME,63792
TIME,75249
TIME,77835
TIME,80132
TIME,80732
TIME,81598
TIME,84011
TIME,86926
TIME,91133
TIME,92213
TIME,95436
TIME,95734
TIME,100059
TIME,101005
TIME,105130
TIME,107478
TIME,107586
TIME,108374
TIME,111486
TIME,112531
TIME,116488
TIME,117153
TIME,118637
TIME,120262
TIME,121157
TIME,121551
TIME,122282
TIME,124319
TIME,125128
TIME,128462
TIME,45948
TIME,48005
TIME,50720
TIME,63913
TIME,72895
TIME,74660
TIME,76455
TIME,76510
TIME,79683
TIME,81194
TIME,81452
TIME,82075
TIME,83131
TIME,88242
TIME,91174
TIME,91810
TIME,93213
TIME,95971
TIME,96882
TIME,98216
TIME,99275
TIME,100172
TIME,101524
TIME,107230
TIME,108608
TIME,109751
TIME,110925
TIME,113496
TIME,114594
TIME,116156
TIME,117037
TIME,117599
TIME,121291
TIME,122118
TIME,124405
TIME,127657
TIME,40064
TIME,46423
TIME,46433
TIME,51181
TIME,54437
TIME,60084
TIME,61697
TIME,63762
TIME,66189
TIME,66943
TIME,68927
TIME,72206
TIME,74748
TIME,78361
TIME,80331
TIME,81189
TIME,82790
TIME,83107
TIME,86144
TIME,87143
TIME,87760
TIME,89585
TIME,97455
TIME,98069
TIME,98728
TIME,105810
TIME,110320
TIME,113731
TIME,114347
TIME,115753
TIME,115850
TIME,117038
TIME,118225
TIME,118926
TIME,119210
TIME,122952
TIME,45081
TIME,45098
TIME,52427
TIME,54335
TIME,56101
TIME,61262
TIME,62749
TIME,63110
TIME,65902
TIME,66455
TIME,67224
TIME,70609
TIME,73462
TIME,77613
TIME,83316
TIME,84789
TIME,91438
TIME,94356
TIME,96758
TIME,98336
TIME,100634
TIME,101529
TIME,102956
TIME,107173
TIME,107519
TIME,108401
TIME,110865
TIME,112387
TIME,113758
TIME,114580
TIME,117646
TIME,117778
TIME,118622
TIME,119905
TIME,120323
TIME,122551
TIME,38756
TIME,46217
TIME,46269
TIME,51183
TIME,51869
TIME,59613
TIME,59669
TIME,61092
TIME,61435
TIME,61552
TIME,64207
TIME,67262
TIME,67942
TIME,69231
TIME,74862
TIME,76786
TIME,76953
TIME,77600
TIME,81330
TIME,82512
TIME,84812
TIME,88363
TIME,89772
TIME,90393
TIME,93006
TIME,94862
TIME,95227
TIME,96080
TIME,96316
TIME,97304
TIME,98990
TIME,100464
TIME,104184
TIME,105741
TIME,105969
TIME,109117
TIME,42473
TIME,51346
TIME,55381
TIME,55428
TIME,65933
TIME,66802
TIME,70109
TIME,71089
TIME,71552
TIME,72046
TIME,77995
TIME,83903
TIME,84277
TIME,84869
TIME,86865
TIME,87378
TIME,88464
TIME,92233
TIME,93367
TIME,97337
TIME,102771
TIME,104391
TIME,105863
TIME,106313
TIME,109335
TIME,115732
TIME,117343
TIME,117637
TIME,119130
TIME,120666
TIME,121364
TIME,122863
TIME,123031
TIME,124492
TIME,124885
TIME,129210
TIME,42027
TIME,47678
TIME,48818
TIME,52037
TIME,58206
TIME,62899
TIME,64194
TIME,66884
TIME,68603
TIME,73239
TIME,74020
TIME,74909
TIME,78300
TIME,81302
TIME,88506
TIME,88899
TIME,91026
TIME,103113
TIME,103162
TIME,105658
TIME,105674
TIME,106905
TIME,113563
TIME,115350
TIME,118978
TIME,119189
TIME,120864
TIME,122955
TIME,123132
TIME,124034
TIME,125858
TIME,126500
TIME,127438
TIME,130089
TIME,131216
TIME,133962
TIME,46460
TIME,50106
TIME,50762
TIME,54333
TIME,56714
TIME,57345
TIME,58035
TIME,58045
TIME,62448
TIME,63371
TIME,66244
TIME,70952
TIME,71060
TIME,73262
TIME,77253
TIME,78620
TIME,79262
TIME,80034
TIME,81137
TIME,85530
TIME,86865
TIME,93779
TIME,94342
TIME,95189
TIME,97913
TIME,98355
TIME,102894
TIME,103497
TIME,104091
TIME,105223
TIME,111116
TIME,112342
TIME,113235
TIME,113934
TIME,115719
TIME,116671
TIME,40569
TIME,48530
TIME,48862
TIME,50992
TIME,62739
TIME,65900
TIME,69745
TIME,70263
TIME,70929
TIME,73918
TIME,85769
TIME,89326
TIME,94478
TIME,101427
TIME,101589
TIME,106254
TIME,107303
TIME,108455
TIME,109806
TIME,116356
TIME,117845
TIME,118079
TIME,121461
TIME,134508
TIME,141731
TIME,142373
TIME,143178
TIME,148705
TIME,150187
TIME,156004
TIME,157837
TIME,162368
TIME,164010
TIME,164207
TIME,165165
TIME,170237
TIME,43083
TIME,43609
TIME,51181
TIME,52312
TIME,60763
TIME,65024
TIME,69909
TIME,70367
TIME,73212
TIME,74256
TIME,74880
TIME,82235
TIME,87637
TIME,89128
TIME,93772
TIME,94859
TIME,97062
TIME,99486
TIME,101010
TIME,102295
TIME,105270
TIME,108769
TIME,109084
TIME,109788
TIME,110057
TIME,110108
TIME,113562
TIME,113718
TIME,116154
TIME,117646
TIME,120533
TIME,124736
TIME,125906
TIME,126439
TIME,135601
TIME,135676
