TIME,41972.238998413086
TIME,55014.13900756836
TIME,54083.233001708984
TIME,56286.73500061035
TIME,55829.53298950195
TIME,59203.15199279785
TIME,84426.19799804688
TIME,60568.75898742676
TIME,51018.788009643555
TIME,78711.28799438477
TIME,53949.781997680664
TIME,53392.219009399414
TIME,84608.98899841309
TIME,54149.844985961914
TIME,52125.65299987793
TIME,79425.87200927734
TIME,56524.61799621582
TIME,55412.41200256348
TIME,73978.42100524902
TIME,55995.52299499512
TIME,55148.61898803711
TIME,56796.41000366211
TIME,79548.88200378418
TIME,55719.95199584961
TIME,77418.77101135254
TIME,59968.48500061035
TIME,59471.16200256348
TIME,69170.04499816895
TIME,66810.49299621582
TIME,51606.31900024414
TIME,58669.72900390625
TIME,49753.86000061035
TIME,93687.83000183105
TIME,69880.09899902344
TIME,57138.059997558594
TIME,50194.68299865723
TIME,74258.05400085449
TIME,55844.863998413086
TIME,48210.90100097656
TIME,82962.98001098633
TIME,58240.14599609375
TIME,51297.08999633789
TIME,71542.91799926758
TIME,52204.74299621582
TIME,50297.24299621582
TIME,72908.34700012207
TIME,54395.975997924805
TIME,53177.2380065918
TIME,53949.61299133301
TIME,61631.54399108887
TIME,53262.09001159668
TIME,53946.27198791504
TIME,60564.46000671387
TIME,52778.92500305176
TIME,54452.085998535156
TIME,60047.01600646973
TIME,56730.747009277344
TIME,52155.70300292969
TIME,60476.58898925781
TIME,44325.8390045166
TIME,60430.947998046875
TIME,44940.81399536133
TIME,61280.69300842285
TIME,48985.19500732422
TIME,58750.719009399414
TIME,48541.08399963379
TIME,52884.61799621582
TIME,52077.75401306152
TIME,54415.74499511719
TIME,43328.24499511719
TIME,44014.79899597168
TIME,48511.7440032959
TIME,53150.878005981445
TIME,44544.15199279785
TIME,49470.427001953125
TIME,46223.25
TIME,48595.863998413086
TIME,48881.09600830078
TIME,52119.00199890137
TIME,43931.789001464844
TIME,60630.02000427246
TIME,39339.065002441406
TIME,45011.19400024414
TIME,47987.56100463867
TIME,54378.455001831055
TIME,46208.34199523926
TIME,52661.80699157715
TIME,44219.649993896484
TIME,63086.26200866699
TIME,48426.4640045166
TIME,60873.05000305176
TIME,45806.45799255371
TIME,51809.77200317383
TIME,44389.461013793945
TIME,49923.621002197266
TIME,46667.15400695801
TIME,48986.21501159668
TIME,46760.16200256348
TIME,78041.37300109863
TIME,51086.81799316406
TIME,58630.52899169922
TIME,48611.48500061035
TIME,56293.75700378418
TIME,75084.83799743652
TIME,55524.350997924805
TIME,47087.80599975586
TIME,53022.63800048828
TIME,44387.1309967041
TIME,124118.06399536133
TIME,48555.65400695801
TIME,44660.392990112305
TIME,122128.57398986816
TIME,47406.02699279785
TIME,47816.190002441406
TIME,114056.18000793457
TIME,52097.9940032959
TIME,46375.94200134277
TIME,116863.84599304199
TIME,49092.28700256348
TIME,50172.03300476074
TIME,115603.84901428223
TIME,54615.60598754883
TIME,48286.67100524902
TIME,119356.67799377441
TIME,51197.5890045166
TIME,44332.02099609375
TIME,117160.22700500488
TIME,55063.68798828125
TIME,51683.45199584961
TIME,117998.62100219727
TIME,57554.253997802734
TIME,49485.64799499512
TIME,111334.11500549316
TIME,48738.454010009766
TIME,48116.24198913574
TIME,54524.927001953125
TIME,45940.850006103516
TIME,139320.80599975586
TIME,107105.97999572754
TIME,51123.47900390625
TIME,49120.82600402832
TIME,117280.00799560547
TIME,54046.093002319336
TIME,47227.52699279785
TIME,117000.33500671387
TIME,58565.81900024414
TIME,51390.13800048828
TIME,120487.83499145508
TIME,58780.09899902344
TIME,51509.12001037598
TIME,117588.52900695801
TIME,56032.823989868164
TIME,52938.61799621582
TIME,115831.6079864502
TIME,59787.656005859375
TIME,117138.9469909668
TIME,43900.4289855957
TIME,52062.441009521484
TIME,41874.04800415039
TIME,125634.25199890137
TIME,61162.25199890137
TIME,46060.86000061035
TIME,66355.1909942627
TIME,52490.12399291992
TIME,48480.093994140625
TIME,48849.54600524902
TIME,45738.1190032959
TIME,49988.20999145508
TIME,46021.490005493164
TIME,49944.31199645996
TIME,51165.1780090332
TIME,49851.601013183594
TIME,45715.5890045166
TIME,54169.27299499512
TIME,49970.90100097656
TIME,58598.48799133301
TIME,47629.51899719238
TIME,60508.427993774414
TIME,60684.38101196289
TIME,44549.58200073242
TIME,49212.30699157715
TIME,40659.66000366211
TIME,46886.94299316406
TIME,51040.19599914551
TIME,58528.29899597168
TIME,49786.441009521484
TIME,69678.09899902344
TIME,48857.76599121094
TIME,72275.92100524902
TIME,51218.36700439453
TIME,47614.02900695801
TIME,40946.52200317383
TIME,819241.7890014648
TIME,38936.330993652344
TIME,45650.809005737305
TIME,48588.20300292969
TIME,45273.225997924805
TIME,77880.40299987793
TIME,50095.162994384766
TIME,58090.01499938965
TIME,48457.60299682617
TIME,55844.794998168945
TIME,74542.41499328613
TIME,54607.80500793457
TIME,46955.72399902344
TIME,66215.41000366211
TIME,48137.79200744629
TIME,46186.391998291016
TIME,68767.40399169922
TIME,50454.934005737305
TIME,45879.530014038086
TIME,75245.56800842285
TIME,50625.03300476074
TIME,44660.0719909668
TIME,64898.94300842285
TIME,48121.09201049805
TIME,47687.56900024414
TIME,61023.90200805664
TIME,831305.296005249
TIME,49140.25700378418
TIME,43885.767990112305
TIME,44261.148010253906
TIME,67114.01400756836
TIME,49757.128997802734
TIME,59280.59199523926
TIME,51856.2619934082
TIME,46788.113998413086
TIME,53362.77899169922
TIME,56843.52899169922
TIME,42761.65299987793
TIME,48510.363998413086
TIME,78353.2259979248
TIME,45555.39698791504
TIME,69078.34399414062
TIME,51102.356994628906
TIME,43558.516998291016
TIME,68941.20498657227
TIME,46411.29299926758
TIME,49736.25801086426
TIME,72853.49700927734
TIME,54454.1549987793
TIME,53064.65899658203
TIME,73736.8099975586
TIME,53352.77899169922
TIME,52196.955001831055
TIME,77875.66299438477
TIME,54747.48699951172
TIME,53659.080993652344
TIME,47981.511001586914
TIME,54821.48699951172
TIME,48035.3219909668
TIME,59830.115005493164
TIME,47857.44999694824
TIME,53376.37901306152
TIME,53833.51300048828
TIME,61741.32600402832
TIME,57430.56199645996
TIME,48405.14100646973
TIME,53562.65100097656
TIME,44052.238998413086
TIME,60922.86099243164
TIME,46561.233001708984
TIME,70130.48999023438
TIME,54788.70899963379
TIME,50117.54299926758
TIME,52554.39399719238
TIME,49738.68099975586
TIME,53874.77200317383
TIME,48892.544006347656
TIME,54064.76400756836
TIME,47353.49800109863
TIME,54048.643005371094
TIME,48632.86299133301
TIME,55166.2200012207
TIME,46284.99200439453
TIME,49741.25100708008
TIME,44707.31300354004
TIME,45930.25898742676
TIME,63020.962005615234
TIME,41689.53700256348
TIME,92722.56399536133
TIME,47243.80699157715
TIME,49636.017990112305
TIME,50982.037994384766
TIME,47132.795989990234
TIME,49640.63000488281
TIME,47727.27900695801
TIME,66597.11999511719
TIME,46231.15899658203
TIME,65966.56800842285
TIME,45154.49501037598
TIME,47618.15901184082
TIME,46832.67500305176
TIME,51579.558990478516
TIME,43438.065002441406
TIME,50100.03300476074
TIME,42865.72300720215
TIME,47054.71598815918
TIME,52786.30500793457
TIME,93397.05799865723
TIME,43165.26501464844
TIME,66449.51100158691
TIME,46736.414001464844
TIME,79053.34799194336
TIME,45467.84700012207
TIME,62570.53999328613
TIME,50909.54699707031
TIME,48551.14399719238
TIME,61027.38198852539
TIME,54660.02699279785
TIME,48853.19400024414
TIME,65492.634994506836
TIME,53196.8390045166
TIME,49010.226989746094
TIME,69832.53999328613
TIME,52428.85398864746
TIME,46949.0950012207
TIME,67492.63499450684
TIME,49621.75
TIME,1251514.387008667
TIME,49977.33100891113
TIME,65218.864990234375
TIME,49147.97799682617
TIME,47995.91200256348
TIME,62809.350997924805
TIME,44317.86000061035
TIME,44538.732009887695
TIME,57635.56399536133
TIME,54725.878005981445
TIME,51013.91799926758
TIME,53790.48098754883
TIME,83934.58599853516
TIME,51490.92999267578
TIME,61713.115005493164
TIME,54917.88900756836
TIME,47443.12599182129
TIME,76727.46600341797
TIME,54470.74499511719
TIME,51487.73100280762
TIME,74811.60600280762
TIME,57306.0119934082
TIME,50957.018005371094
TIME,53520.990005493164
TIME,79202.1900024414
TIME,46944.70300292969
TIME,51728.64001464844
TIME,75750.72999572754
TIME,51411.64001464844
TIME,49007.10600280762
TIME,57220.872009277344
TIME,49454.97898864746
TIME,55710.85200500488
TIME,55962.43299865723
TIME,52963.8279876709
TIME,53702.34100341797
TIME,57520.56300354004
TIME,53644.982009887695
TIME,44025.6190032959
TIME,47661.378997802734
TIME,42884.643005371094
TIME,62840.41200256348
TIME,47593.718994140625
TIME,65227.56399536133
TIME,54988.29800415039
TIME,49905.850006103516
TIME,50313.15400695801
TIME,48162.891998291016
TIME,54382.73500061035
TIME,45299.51600646973
TIME,49557.530014038086
TIME,49707.789001464844
TIME,48319.8330078125
TIME,48813.32499694824
TIME,56726.47700500488
TIME,47957.73100280762
TIME,55483.60200500488
TIME,44821.12399291992
TIME,48206.58200073242
TIME,45168.85501098633
TIME,64698.761001586914
TIME,43705.52799987793
TIME,47213.46699523926
TIME,44485.420989990234
TIME,44441.42199707031
TIME,46181.54100036621
TIME,49149.96701049805
TIME,46172.121002197266
TIME,66079.69999694824
TIME,45281.98600769043
TIME,67110.75399780273
TIME,46100.75
TIME,50043.233001708984
TIME,47784.88000488281
TIME,48397.98400878906
TIME,44771.142990112305
TIME,46812.29299926758
TIME,40647.34100341797
TIME,48274.843002319336
TIME,51878.3030090332
TIME,94022.31098937988
TIME,48462.82400512695
TIME,54142.89500427246
TIME,74768.11700439453
TIME,54172.252990722656
TIME,46906.56399536133
TIME,52179.593994140625
TIME,44853.71398925781
TIME,124186.99499511719
TIME,47877.559005737305
TIME,41871.247009277344
TIME,127145.71101379395
TIME,45918.13999938965
TIME,48532.17199707031
TIME,118737.88400268555
TIME,52011.88299560547
TIME,46179.17100524902
TIME,117633.5599975586
TIME,51219.70700073242
TIME,44586.302001953125
TIME,108975.45199584961
TIME,47830.350006103516
TIME,48275.82099914551
TIME,119285.75799560547
TIME,49954.322006225586
TIME,44763.28300476074
TIME,115398.62699890137
TIME,52935.80599975586
TIME,42182.08999633789
TIME,121976.41200256348
TIME,49645.50900268555
TIME,47749
TIME,119627.46899414062
TIME,50563.384994506836
TIME,43057.15399169922
TIME,51440.940002441406
TIME,123974.24299621582
TIME,44213.09899902344
TIME,117108.87699890137
TIME,48583.26300048828
TIME,47558.128997802734
TIME,107142.07299804688
TIME,51507.74099731445
TIME,1653039.808013916
TIME,50233.09199523926
TIME,112401.37998962402
TIME,58087.39498901367
TIME,50785.865005493164
TIME,117938.6609954834
TIME,57800.55400085449
TIME,50688.85600280762
TIME,107365.62199401855
TIME,54157.634994506836
TIME,51215.66799926758
TIME,117556.31999206543
TIME,57550.63200378418
TIME,107802.34600830078
TIME,54565.177993774414
TIME,62812.8809967041
TIME,118442.5830078125
TIME,46035.280990600586
TIME,61901.246002197266
TIME,47780.97799682617
TIME,66466.55099487305
TIME,48955.38700866699
TIME,55165.44900512695
TIME,50383.63301086426
TIME,55631.482009887695
TIME,49324.766998291016
TIME,57154.61999511719
TIME,47445.06799316406
TIME,50036.06100463867
TIME,50136.580993652344
TIME,49278.448013305664
TIME,45309.176010131836
TIME,52465.343994140625
TIME,44589.302001953125
TIME,48948.5950012207
TIME,43869.04699707031
TIME,52114.70399475098
TIME,43556.27700805664
TIME,58968.87998962402
TIME,43454.46600341797
TIME,49510.36999511719
TIME,40324.789001464844
TIME,43752.14799499512
TIME,45130.225997924805
TIME,54671.378005981445
TIME,46385.960998535156
TIME,63328.81399536133
TIME,44580.04299926758
TIME,62240.18800354004
TIME,41989.66799926758
TIME,50094.03300476074
TIME,47047.80599975586
TIME,48540.044998168945
TIME,45630.197998046875
TIME,47740.74800109863
TIME,40541.7200012207
TIME,44941.76499938965
TIME,48830.125
TIME,91566.17599487305
TIME,46883.1549987793
TIME,54110.05499267578
TIME,72654.32499694824
TIME,52784.98599243164
TIME,45130.14500427246
TIME,62005.47700500488
TIME,51288.41899108887
TIME,41684.815994262695
TIME,60511.539001464844
TIME,44813.69400024414
TIME,43406.636001586914
TIME,62255.05799865723
TIME,43800.48699951172
TIME,45522.64599609375
TIME,54469.75700378418
TIME,49369.34799194336
TIME,44402.06201171875
TIME,59432.49299621582
TIME,46710.08299255371
TIME,48054.482009887695
TIME,63369.664001464844
TIME,51411.17999267578
TIME,46103.628997802734
TIME,66879.74301147461
TIME,48271.97300720215
TIME,48759.77600097656
TIME,61773.62600708008
TIME,52786.02598571777
TIME,48617.01300048828
TIME,55902.77299499512
TIME,79603.90200805664
TIME,47943.95098876953
TIME,69547.84599304199
TIME,52802.64700317383
TIME,45197.37600708008
TIME,74833.17698669434
TIME,51835.641998291016
TIME,43917.357009887695
TIME,72798.89500427246
TIME,48569.00199890137
TIME,47525.14799499512
TIME,72578.46299743652
TIME,48634.03399658203
TIME,46893.16600036621
TIME,68766.62399291992
TIME,49726.190002441406
TIME,49666.17900085449
TIME,47828.50799560547
TIME,53024.246994018555
TIME,50715.51600646973
TIME,53934.503997802734
TIME,53132.76899719238
TIME,50117.1309967041
TIME,55510.940994262695
TIME,57003.558990478516
TIME,55203.0299987793
TIME,46369.00100708008
TIME,54088.90400695801
TIME,42627.572006225586
TIME,62487.49900817871
TIME,47314.92599487305
TIME,69650.47900390625
TIME,45529.77799987793
TIME,54584.21600341797
TIME,44356.64100646973
TIME,49516.65800476074
TIME,48508.17300415039
TIME,48583.08399963379
TIME,44652.343002319336
TIME,43213.02299499512
TIME,48940.19500732422
TIME,48866.55599975586
TIME,49341.68899536133
TIME,52724.46501159668
TIME,44290.509994506836
TIME,49090.766998291016
TIME,44175.809997558594
TIME,52710.91700744629
TIME,42538.011001586914
TIME,62929.65100097656
TIME,41984.329010009766
TIME,47793.66000366211
TIME,49748.86099243164
TIME,52002.350997924805
TIME,48903.573989868164
TIME,55920.89399719238
TIME,46356.302001953125
TIME,60134.315994262695
TIME,48210.02200317383
TIME,60426.16801452637
TIME,44686.74299621582
TIME,52097.19400024414
TIME,49328.6190032959
TIME,49725.92999267578
TIME,46866.85499572754
TIME,53688.56100463867
TIME,40647.169998168945
TIME,52350.7140045166
TIME,54410.52500915527
TIME,95171.99700927734
TIME,44486.552001953125
TIME,58374.16600036621
TIME,76949.64700317383
TIME,50063.81100463867
TIME,42789.871002197266
TIME,60204.89698791504
TIME,48163.29299926758
TIME,45207.565002441406
TIME,62475.719009399414
TIME,51040.406005859375
TIME,49521.14799499512
TIME,72831.67399597168
TIME,54017.9940032959
TIME,44103.378005981445
TIME,47761.56999206543
TIME,71065.1069946289
TIME,48688.66500854492
TIME,57501.94200134277
TIME,51943.06100463867
TIME,46080.718994140625
TIME,68210.9409942627
TIME,50095.62300109863
TIME,44940.863998413086
TIME,65005.71398925781
TIME,45727.57699584961
TIME,47131.75601196289
TIME,59499.92399597168
TIME,51107.968002319336
TIME,46890.544006347656
TIME,46948.35400390625
TIME,75794.98100280762
TIME,49293.6190032959
TIME,58758.878997802734
TIME,48839.62599182129
TIME,46635.33200073242
TIME,65715.32699584961
TIME,54192.82400512695
TIME,45759.3690032959
TIME,73920.18199157715
TIME,50212.94299316406
TIME,43866.177993774414
TIME,71582.88899230957
TIME,48452.7440032959
TIME,52028.80400085449
TIME,72058.58999633789
TIME,47738.13000488281
TIME,60493.4580078125
TIME,55591.752990722656
TIME,52588.13700866699
TIME,51494.63900756836
TIME,57992.69400024414
TIME,57373.531005859375
TIME,48939.41600036621
TIME,49799.65100097656
TIME,51372.809005737305
TIME,54129.50500488281
TIME,44317.531005859375
TIME,48900.343994140625
TIME,44411.63000488281
TIME,58432.41799926758
TIME,48698.125
TIME,65497.77600097656
TIME,47835.63900756836
TIME,59294.43200683594
TIME,48348.94300842285
TIME,55306.28999328613
TIME,48242.35200500488
TIME,54684.36700439453
TIME,45249.375
TIME,48355.76300048828
TIME,49186.968002319336
TIME,46976.625
TIME,49717.63800048828
TIME,57216.31199645996
TIME,48552.24499511719
TIME,52334.17300415039
TIME,53676.00099182129
TIME,63409.794998168945
TIME,43745.74800109863
TIME,62876.83200073242
TIME,41197.40299987793
TIME,43282.384994506836
TIME,39814.02600097656
TIME,41604.69500732422
TIME,38860.4700012207
TIME,45066.73500061035
TIME,43848.65798950195
TIME,55254.22099304199
TIME,49941.34100341797
TIME,61460.502990722656
TIME,45893.32000732422
TIME,49546.2080078125
TIME,46774.7140045166
TIME,48608.48500061035
TIME,45026.75500488281
TIME,46609.54299926758
TIME,40725.80099487305
TIME,47726.57800292969
TIME,49316.59700012207
TIME,97475.34799194336
TIME,46864.26399230957
TIME,54139.503005981445
TIME,68843.21301269531
TIME,46992.77600097656
TIME,47767.52000427246
TIME,51893.14100646973
TIME,42222.19999694824
TIME,112199.38999938965
TIME,42165.1190032959
TIME,46781.774993896484
TIME,125714.86199951172
TIME,51294.00700378418
TIME,48122.10200500488
TIME,123827.90299987793
TIME,51403.83999633789
TIME,46202.289001464844
TIME,49747.761001586914
TIME,128907.71998596191
TIME,44906.613998413086
TIME,45337.74499511719
TIME,125511.4220123291
TIME,46926.434005737305
TIME,125962.94400024414
TIME,49441.72900390625
TIME,44496.42199707031
TIME,108131.90701293945
TIME,52740.71598815918
TIME,42124.948989868164
TIME,115540.56700134277
TIME,45232.37600708008
TIME,47499.518005371094
TIME,44459.059997558594
TIME,125192.08000183105
TIME,41969.39799499512
TIME,51195.33898925781
TIME,123128.90798950195
TIME,43768.75801086426
TIME,113130.38499450684
TIME,43942.92900085449
TIME,46668.54299926758
TIME,108960.00199890137
TIME,46207.97099304199
TIME,47739.86000061035
TIME,51830.73098754883
TIME,51070.71701049805
TIME,56495.426010131836
TIME,48707.864990234375
TIME,100688.70700073242
TIME,53221.91000366211
TIME,50582.81401062012
TIME,113090.4049987793
TIME,56358.934997558594
TIME,108917.6420135498
TIME,338134.3260040283
TIME,43908.85900878906
TIME,313741.17500305176
TIME,99810.28199768066
TIME,50017.22300720215
TIME,39049.511001586914
TIME,58419.856994628906
TIME,48575.0530090332
TIME,69787.16899108887
TIME,46265.502014160156
TIME,56101.62399291992
TIME,45883.31900024414
TIME,47633.18901062012
TIME,48504.51300048828
TIME,51758.051986694336
TIME,46814.544998168945
TIME,46716.74299621582
TIME,47792.84899902344
TIME,50032.21299743652
TIME,47202.087005615234
TIME,54366.64500427246
TIME,45978.33799743652
TIME,52987.54901123047
TIME,47637.24899291992
TIME,61085.36100769043
TIME,41318.08499145508
TIME,54884.58799743652
TIME,38855.91198730469
TIME,43475.68600463867
TIME,41746.86698913574
TIME,45682.50801086426
TIME,48979.91500854492
TIME,49833.122009277344
TIME,48618.413986206055
TIME,63898.89698791504
TIME,45728.49900817871
TIME,60871.86999511719
TIME,45924.65000915527
TIME,54260.073989868164
TIME,45662.65800476074
TIME,55043.858001708984
TIME,44691.981994628906
TIME,48905.71600341797
TIME,42331.84999084473
TIME,49766.94900512695
TIME,57947.83499145508
TIME,94060.10200500488
TIME,49158.94599914551
TIME,63806.447006225586
TIME,76748.93600463867
TIME,49815.622009277344
TIME,49434.468994140625
TIME,60486.72898864746
TIME,54689.27600097656
TIME,44267.93000793457
TIME,73912.4400024414
TIME,50460.21499633789
TIME,48436.1130065918
TIME,71054.70700073242
TIME,54397.24499511719
TIME,44725.68299865723
TIME,49134.7859954834
TIME,71499.58699035645
TIME,50382.211990356445
TIME,63564.82400512695
TIME,52164.89399719238
TIME,48294.56300354004
TIME,68060.41999816895
TIME,48940.41499328613
TIME,50322.5830078125
TIME,59063.239990234375
TIME,52323.065002441406
TIME,59446.802993774414
TIME,52962.30799865723
TIME,61813.315994262695
TIME,52288.62399291992
TIME,56066.80599975586
TIME,47803.579010009766
TIME,85161.03199768066
TIME,52695.26499938965
TIME,74946.32600402832
TIME,43644.676986694336
TIME,61986.69500732422
TIME,52133.74398803711
TIME,50166.79200744629
TIME,67065.5539855957
TIME,49817.80000305176
TIME,49263.5059967041
TIME,68629.6309967041
TIME,52020.5419921875
TIME,50809.95700073242
TIME,74598.98600769043
TIME,56193.44499206543
TIME,49849.239990234375
TIME,51016.32600402832
TIME,54615.12600708008
TIME,47163.79600524902
TIME,57644.06399536133
TIME,51328.38999938965
TIME,48862.093994140625
TIME,52188.11199951172
TIME,55071.21798706055
TIME,53888.93199157715
TIME,55569.68099975586
TIME,64288.559997558594
TIME,47898.100997924805
TIME,61315.552993774414
TIME,45856.68798828125
TIME,73419.6490020752
TIME,49339.3690032959
TIME,61040.22100830078
TIME,44088.87001037598
TIME,46748.95399475098
TIME,42048.37699890137
TIME,44911.7140045166
TIME,46226.981994628906
TIME,51146.156997680664
TIME,44621.59100341797
TIME,48023.90199279785
TIME,44930.35499572754
TIME,52925.997009277344
TIME,44194.02000427246
TIME,50945.45799255371
TIME,46190.281005859375
TIME,53491.99899291992
TIME,44890.03500366211
TIME,64264.8390045166
TIME,42962.78298950195
TIME,49154.70698547363
TIME,41027.68299865723
TIME,45828.11799621582
TIME,49138.767013549805
TIME,55467.04200744629
TIME,42180.43899536133
TIME,55503.2799987793
TIME,44865.53300476074
TIME,61365.843994140625
TIME,46158.70098876953
TIME,55349.79000854492
TIME,45090.76499938965
TIME,49659.61801147461
TIME,45349.09599304199
TIME,49807.7619934082
TIME,36686.079986572266
TIME,52176.4529876709
TIME,83660.05500793457
TIME,46862.01300048828
TIME,85310.9220123291
TIME,72027.2799987793
TIME,78313.0950012207
TIME,51165.45799255371
TIME,45479.997985839844
TIME,62921.06199645996
TIME,49415.337005615234
TIME,46517.531997680664
TIME,63768.0359954834
TIME,47288.50700378418
TIME,43908.037994384766
TIME,67051.56399536133
TIME,49641.8279876709
TIME,46141.90100097656
TIME,63388.85299682617
TIME,45836.91799926758
TIME,46735.684005737305
TIME,57948.94599914551
TIME,51078.71798706055
TIME,46407.75199890137
TIME,61026.82099914551
TIME,48280.4109954834
TIME,44733.1729888916
TIME,66866.6130065918
TIME,40760.732009887695
TIME,48545.20399475098
TIME,55182.8390045166
TIME,52670.405990600586
TIME,43002.503997802734
TIME,74786.29800415039
TIME,52052.80400085449
TIME,43748.697998046875
TIME,58411.48699951172
TIME,49007.25498962402
TIME,51695.61000061035
TIME,65109.53399658203
TIME,56546.82800292969
TIME,47731.61799621582
TIME,74052.41200256348
TIME,52555.83500671387
TIME,51634.72099304199
TIME,72570.21499633789
TIME,55791.55400085449
TIME,48660.91500854492
TIME,54088.04299926758
TIME,78923.00799560547
TIME,47980.7799987793
TIME,48362.82099914551
TIME,53128.2080078125
TIME,49755.941009521484
TIME,55402.372009277344
TIME,55079.99899291992
TIME,52672.89500427246
TIME,55583.29200744629
TIME,59165.07099914551
TIME,57905.405990600586
TIME,46998.99499511719
TIME,54995.2979888916
TIME,38653.009994506836
TIME,49955.15199279785
TIME,40225.628997802734
TIME,61290.10299682617
TIME,43468.60600280762
TIME,48678.9640045166
TIME,43786.017990112305
TIME,47087.11599731445
TIME,48387.28300476074
TIME,49781.27099609375
TIME,43328.01600646973
TIME,45992.30000305176
TIME,45038.19400024414
TIME,49874.97099304199
TIME,46845.815002441406
TIME,54325.434997558594
TIME,45970.54899597168
TIME,49057.947006225586
TIME,44042.88899230957
TIME,57710.664001464844
TIME,43284.44400024414
TIME,55069.809997558594
TIME,39093.822998046875
TIME,44030.49900817871
TIME,46338.0419921875
TIME,51916.99301147461
TIME,43192.15400695801
TIME,49839.759994506836
TIME,42839.47300720215
TIME,56899.07000732422
TIME,46111.86000061035
TIME,60337.726989746094
TIME,44389.81100463867
TIME,49212.59600830078
TIME,46992.544006347656
TIME,54195.815002441406
TIME,49383.95899963379
TIME,56441.52600097656
TIME,38959.6609954834
TIME,47605.8690032959
TIME,57237.08100891113
TIME,95512.08799743652
TIME,44803.43299865723
TIME,78504.8980102539
TIME,45638.33799743652
TIME,85272.08299255371
TIME,44744.072998046875
TIME,49156.62699890137
TIME,46263.48100280762
TIME,115837.86799621582
TIME,52299.683990478516
TIME,45223.835998535156
TIME,117224.57800292969
TIME,49238.68699645996
TIME,45969.537994384766
TIME,48988.79600524902
TIME,127805.85400390625
TIME,44307.34001159668
TIME,46721.10200500488
TIME,119959.1009979248
TIME,48359.711990356445
TIME,115298.17500305176
TIME,51198.45899963379
TIME,48210.141998291016
TIME,101266.34001159668
TIME,48573.483001708984
TIME,45287.14601135254
TIME,116266.57099914551
TIME,54672.12699890137
TIME,49850.739990234375
TIME,111067.26300048828
TIME,51332.50700378418
TIME,43224.625
TIME,44732.662994384766
TIME,124526.68598937988
TIME,47027.81401062012
TIME,114959.33499145508
TIME,54998.0779876709
TIME,47230.2859954834
TIME,102350.94500732422
TIME,52110.573989868164
TIME,45070.45600891113
TIME,118716.42599487305
TIME,51835.781997680664
TIME,45052.184997558594
TIME,108161.33799743652
TIME,48121.46000671387
TIME,46872.28500366211
TIME,120402.01300048828
TIME,52428.07499694824
TIME,50251.122009277344
TIME,110211.65901184082
TIME,51097.57699584961
TIME,47951.04100036621
TIME,113406.74501037598
TIME,50946.948013305664
TIME,107710.5950012207
TIME,55592.13198852539
TIME,107865.18600463867
TIME,64395.52899169922
TIME,47510.23799133301
TIME,60933.70100402832
TIME,44452.09100341797
TIME,68330.63000488281
TIME,49064.26499938965
TIME,60961.031005859375
TIME,44815.7440032959
TIME,46316.210998535156
TIME,48456.252990722656
TIME,52269.63299560547
TIME,44775.35299682617
TIME,46693.1729888916
TIME,46273.4109954834
TIME,43268.30499267578
TIME,47397.25799560547
TIME,60060.09599304199
TIME,46610.60400390625
TIME,51187.039001464844
TIME,47836.95001220703
TIME,61861.475997924805
TIME,41178.684005737305
TIME,54408.375
TIME,38249.058990478516
TIME,41859.718002319336
TIME,42282.44900512695
TIME,43915.06799316406
TIME,40985.44299316406
TIME,46744.01400756836
TIME,40598.7799987793
TIME,54900.39799499512
TIME,44312.05099487305
TIME,57389.15299987793
TIME,47629.27900695801
TIME,54725.10600280762
TIME,46912.4049987793
TIME,49574.80799865723
TIME,44955.03401184082
TIME,54447.60600280762
TIME,42783.08299255371
TIME,48661.843002319336
TIME,57443.64099121094
TIME,94850.82499694824
TIME,48875.89399719238
TIME,64749.56199645996
TIME,43102.56399536133
TIME,76724.05599975586
TIME,41971.59800720215
TIME,60891.40100097656
TIME,43437.44599914551
TIME,46024.8690032959
TIME,63722.64500427246
TIME,52306.25498962402
TIME,45685.98799133301
TIME,75011.12899780273
TIME,49949.67999267578
TIME,47387.177001953125
TIME,61239.101989746094
TIME,45386.135009765625
TIME,47197.83399963379
TIME,61819.67599487305
TIME,42830.02198791504
TIME,45252.86599731445
TIME,65580.15599060059
TIME,47215.455001831055
TIME,49347.41700744629
TIME,63713.48599243164
TIME,50285.10400390625
TIME,47012.51600646973
TIME,53345.469009399414
TIME,49864.88000488281
TIME,46586.454010009766
TIME,76683.44599914551
TIME,54289.44400024414
TIME,51951.61199951172
TIME,50918.03700256348
TIME,73311.1780090332
TIME,51143.27799987793
TIME,70247.64199829102
TIME,44282.29899597168
TIME,57325.6309967041
TIME,71008.27500915527
TIME,49590.68798828125
TIME,49761.72099304199
TIME,65966.79901123047
TIME,50201.29299926758
TIME,48007.44999694824
TIME,56390.5359954834
TIME,79578.21199035645
TIME,49251.98799133301
TIME,43720.82800292969
TIME,55036.56001281738
TIME,52242.63299560547
TIME,51344.509994506836
TIME,56314.065002441406
TIME,47924.49099731445
TIME,51091.18699645996
TIME,49348.768005371094
TIME,49509.04899597168
TIME,45593.40800476074
TIME,53844.81199645996
TIME,42920.231994628906
TIME,52218.024993896484
TIME,42658.531997680664
TIME,61963.566009521484
TIME,49102.33500671387
TIME,65868.4759979248
TIME,49156.56700134277
TIME,46147.45100402832
TIME,47942.30099487305
TIME,48710.983001708984
TIME,49214.62699890137
TIME,49094.566986083984
TIME,48311.53298950195
TIME,45577.64799499512
TIME,44852.891998291016
TIME,49158.86799621582
TIME,47844
TIME,52857.84600830078
TIME,49548.198989868164
TIME,63259.2140045166
TIME,42663.822006225586
TIME,60611.51901245117
TIME,43050.17399597168
TIME,48700.14500427246
TIME,45556.77799987793
TIME,53520.68000793457
TIME,45438.03698730469
TIME,54409.386001586914
TIME,46835.60499572754
TIME,60926.350006103516
TIME,44421.62098693848
TIME,60612.68901062012
TIME,44575.58200073242
TIME,46937.39601135254
TIME,45271.18600463867
TIME,48032.66000366211
TIME,49472.83801269531
TIME,52187.44400024414
TIME,39930.39700317383
TIME,52340.072998046875
TIME,56963.197998046875
TIME,94604.19500732422
TIME,49369.95799255371
TIME,59842.0950012207
TIME,47313.70698547363
TIME,80848.51899719238
TIME,46930.4049987793
TIME,65475.48600769043
TIME,53333.83898925781
TIME,44300.68099975586
TIME,63432.96499633789
TIME,46737.75401306152
TIME,44400.961013793945
TIME,67488.39700317383
TIME,48572.76300048828
TIME,48953.45600891113
TIME,65615.66600036621
TIME,49365.25801086426
TIME,49916.63999938965
TIME,65607.04598999023
TIME,55382.531005859375
TIME,44406.04100036621
TIME,61770.46600341797
TIME,43737.98600769043
TIME,46645.69300842285
TIME,59413.55400085449
TIME,46668.89399719238
TIME,58037.085998535156
TIME,61449.48399353027
TIME,58630.88800048828
TIME,48554.07400512695
TIME,55891.33299255371
TIME,47867.539001464844
TIME,85277.20401000977
TIME,68889.28300476074
TIME,52930.86599731445
TIME,43946.309005737305
TIME,76872.33801269531
TIME,52851.30700683594
TIME,45548.676010131836
TIME,66492.73100280762
TIME,46628.19300842285
TIME,51788.65199279785
TIME,67995.1900024414
TIME,52112.73399353027
TIME,50281.25199890137
TIME,73275.74600219727
TIME,55300.03999328613
TIME,49502.34999084473
TIME,47997.09100341797
TIME,52694.22700500488
TIME,50992.35598754883
TIME,55175.05000305176
TIME,54959.858001708984
TIME,52578.28700256348
TIME,51434.948989868164
TIME,60431.36999511719
TIME,59877.35499572754
TIME,48818.02500915527
TIME,54702.81700134277
TIME,42956.13200378418
TIME,62448.06900024414
TIME,45703.36799621582
TIME,67692.79800415039
TIME,48523.76200866699
TIME,60865.88999938965
TIME,44486.83200073242
TIME,45232.42500305176
TIME,48278.01300048828
TIME,48979.726013183594
TIME,48833.39500427246
TIME,50106.66198730469
TIME,48719.08499145508
TIME,47660.57899475098
TIME,45147.55500793457
TIME,47479.50799560547
TIME,46554.15299987793
TIME,46716.51300048828
TIME,49847.121002197266
TIME,59396.29200744629
TIME,45291.34599304199
TIME,58658.43901062012
TIME,41214.72399902344
TIME,49339.108001708984
TIME,45120.676010131836
TIME,45947.627990722656
TIME,48523.90299987793
TIME,51485.38000488281
TIME,44993.49398803711
TIME,60156.32600402832
TIME,49570.94900512695
TIME,66733.7619934082
TIME,44808.094009399414
TIME,53015.016998291016
TIME,45388.41700744629
TIME,51951.97099304199
TIME,47749.02799987793
TIME,48285.06300354004
TIME,41432.774993896484
TIME,48842.753997802734
TIME,50942.61601257324
TIME,93817.00999450684
TIME,48672.18299865723
TIME,56034.003997802734
TIME,74949.01599121094
TIME,52832.246002197266
TIME,45689.52799987793
TIME,50048.210998535156
TIME,46322.31100463867
TIME,123146.11898803711
TIME,48488.03399658203
TIME,46261.1720123291
TIME,114401.21101379395
TIME,50101.601013183594
TIME,47552.947006225586
TIME,47025.12600708008
TIME,125488.19200134277
TIME,47201.96701049805
TIME,113499.36599731445
TIME,46843.99499511719
TIME,48265.40299987793
TIME,113430.43600463867
TIME,49830.34100341797
TIME,46677.74200439453
TIME,123282.13900756836
TIME,48902.52600097656
TIME,45121.94499206543
TIME,112440.43099975586
TIME,53235.74800109863
TIME,42818.92300415039
TIME,109547.4940032959
TIME,43708.517990112305
TIME,47065.39601135254
TIME,44669.593002319336
TIME,125164.74000549316
TIME,41910.75801086426
TIME,116933.62599182129
TIME,44529.00199890137
TIME,48223.08100891113
TIME,105931.53500366211
TIME,53662.35200500488
TIME,47462.788009643555
TIME,109893.6069946289
TIME,51601.89100646973
TIME,45038.33500671387
TIME,115190.36500549316
TIME,49891.43899536133
TIME,49931.462005615234
TIME,114834.63299560547
TIME,49607.51998901367
TIME,51802.86099243164
TIME,103996.3150024414
TIME,58295.18600463867
TIME,49945.99200439453
TIME,104942.84999084473
TIME,54947.35899353027
TIME,108906.31199645996
TIME,44511.70199584961
TIME,48982.86700439453
TIME,111005.7919921875
TIME,38843.330001831055
TIME,52504.82400512695
TIME,47731.92900085449
TIME,66729.31100463867
TIME,46147.45100402832
TIME,59944.73500061035
TIME,43739.31799316406
TIME,43361.86599731445
TIME,47714.677001953125
TIME,47103.8270111084
TIME,48723.94500732422
TIME,49084.184997558594
TIME,50746.184005737305
TIME,49661.490005493164
TIME,47459.79899597168
TIME,52953.60600280762
TIME,45930.13800048828
TIME,48570.94500732422
TIME,45414.41700744629
TIME,53887.60200500488
TIME,45055.4049987793
TIME,58933.4700012207
TIME,41518.405990600586
TIME,49872.25
TIME,39087.50199890137
TIME,45536.016998291016
TIME,48988.05599975586
TIME,54139.44300842285
TIME,48298.09298706055
TIME,62407.62901306152
TIME,45541.86599731445
TIME,61325.232009887695
TIME,44555.322998046875
TIME,47946.71000671387
TIME,47065.503997802734
TIME,47692.20899963379
TIME,49608.63999938965
TIME,50228.29100036621
TIME,38267.497009277344
TIME,50815.606994628906
TIME,53007.489013671875
TIME,95913.22999572754
TIME,49207.177993774414
TIME,70352.88198852539
TIME,77335.13000488281
TIME,48925.83399963379
TIME,48673.37300109863
TIME,71570.83700561523
TIME,48119.25199890137
TIME,44293.70100402832
TIME,68751.81399536133
TIME,50412.54299926758
TIME,42057.90901184082
TIME,67174.48399353027
TIME,42422.7799987793
TIME,46348.64099121094
TIME,60005.996002197266
TIME,49071.37599182129
TIME,48932.85600280762
TIME,65643.92500305176
TIME,52322.375
TIME,48177.22099304199
TIME,67338.8159942627
TIME,50773.14500427246
TIME,48052.47200012207
TIME,69714.55700683594
TIME,52325.85398864746
TIME,58664.059005737305
TIME,62188.75799560547
TIME,60234.14700317383
TIME,42607.70098876953
TIME,50737.225997924805
TIME,47202.85598754883
TIME,85803.14599609375
TIME,58589.9880065918
TIME,55122.72799682617
TIME,46269.81201171875
TIME,71030.83399963379
TIME,52644.52600097656
TIME,45514.587005615234
TIME,67286.82600402832
TIME,48574.58399963379
TIME,48002.690994262695
TIME,68988.4049987793
TIME,48803.05499267578
TIME,46974.07600402832
TIME,69568.99800109863
TIME,52527.683990478516
TIME,51787.460998535156
TIME,45099.363998413086
TIME,53025.06700134277
TIME,50284.544006347656
TIME,60039.02598571777
TIME,52687.93699645996
TIME,50445.04299926758
TIME,54037.33200073242
TIME,56182.35499572754
TIME,61412.184005737305
TIME,44979.96398925781
TIME,49942.5299987793
TIME,39313.70300292969
TIME,58273.88800048828
TIME,47336.72799682617
TIME,67671.06800842285
TIME,48163.600006103516
TIME,61341.29299926758
TIME,44754.893005371094
TIME,44303.74099731445
TIME,48502.87400817871
TIME,48180.13000488281
TIME,49264.177993774414
TIME,54991.968002319336
TIME,48577.593994140625
TIME,52364.134994506836
TIME,49002.476989746094
TIME,54860.77699279785
TIME,48843.496002197266
TIME,54090.92401123047
TIME,45393.815994262695
TIME,59585.67300415039
TIME,46050.52000427246
TIME,55454.79100036621
TIME,43267.375
TIME,49707.84098815918
TIME,45550.79699707031
TIME,47330.67599487305
TIME,50068.010009765625
TIME,56036.753997802734
TIME,45642.468994140625
TIME,60433.16799926758
TIME,44723.58299255371
TIME,62742.281005859375
TIME,46273.25199890137
TIME,53850.74200439453
TIME,47015.53500366211
TIME,52493.95600891113
TIME,48890.05700683594
TIME,50112.90200805664
TIME,43658.32800292969
TIME,50376.63400268555
TIME,58801.448989868164
TIME,96556.49299621582
TIME,44287.36100769043
TIME,57580.74299621582
TIME,44910.85501098633
TIME,78712.46699523926
TIME,47356.57699584961
TIME,63317.19400024414
TIME,51320.628997802734
TIME,48417.85299682617
TIME,71444.99899291992
TIME,55205.97900390625
TIME,45618.55799865723
TIME,74943.19599914551
TIME,49808.830993652344
TIME,47220.5950012207
TIME,67813.43899536133
TIME,51887.56199645996
TIME,46093.38999938965
TIME,61844.455993652344
TIME,48279.06201171875
TIME,44862.90400695801
TIME,65357.455001831055
TIME,47614.718994140625
TIME,49816.82099914551
TIME,62283.608001708984
TIME,50671.29399108887
TIME,46971.46499633789
TIME,59594.1130065918
TIME,55115.10900878906
TIME,46737.823989868164
TIME,48019.2200012207
TIME,76751.5359954834
TIME,44691.18299865723
TIME,66946.38400268555
TIME,50871.69599914551
TIME,41375.30400085449
TIME,73263.68699645996
TIME,49400.406997680664
TIME,42080.43800354004
TIME,67303.36599731445
TIME,48776.33500671387
TIME,41652.62600708008
TIME,67160.9529876709
TIME,47083.975006103516
TIME,50072.482009887695
TIME,67519.6969909668
TIME,56132.664001464844
TIME,49893.940002441406
TIME,44093.77799987793
TIME,55568.761001586914
TIME,48528.72399902344
TIME,54069.454986572266
TIME,53595.45199584961
TIME,50498.13400268555
TIME,54106.63299560547
TIME,56059.843994140625
TIME,60574.27900695801
TIME,56080.34599304199
TIME,59731.23400878906
TIME,42920.24301147461
TIME,62234.15701293945
TIME,45145.906005859375
TIME,70114.46199035645
TIME,44939.875
TIME,59312.7020111084
TIME,42543.13999938965
TIME,38356.468002319336
TIME,42687.88200378418
TIME,47502.56700134277
TIME,43227.74398803711
TIME,48468.53399658203
TIME,48380.81300354004
TIME,51549.20899963379
TIME,49161.406005859375
TIME,48714.98500061035
TIME,48463.90400695801
TIME,51603.41000366211
TIME,48555.95300292969
TIME,63313.77299499512
TIME,43200.32499694824
TIME,55341.48001098633
TIME,43278.683990478516
TIME,49508.530014038086
TIME,45305.41600036621
TIME,52244.253005981445
TIME,48510.462005615234
TIME,48625.98500061035
TIME,50370.363998413086
TIME,65167.3030090332
TIME,48086.761001586914
TIME,66857.69299316406
TIME,51105.34800720215
TIME,63510.8450012207
TIME,50901.33500671387
TIME,51604.850997924805
TIME,48344.38299560547
TIME,56272.6549987793
TIME,37159.371002197266
TIME,52849.43699645996
TIME,98475.90400695801
TIME,45642.058990478516
TIME,62705.059997558594
TIME,80658.52699279785
TIME,46266.33200073242
TIME,80781.79800415039
TIME,46202.27200317383
TIME,51107.68899536133
TIME,47997.18099975586
TIME,115737.29699707031
TIME,52654.975006103516
TIME,49568.378997802734
TIME,123576.5
TIME,53943.97300720215
TIME,45279.434005737305
TIME,122057.1430053711
TIME,51292.00900268555
TIME,46582.233001708984
TIME,48241.45199584961
TIME,128311.19700622559
TIME,45384.906997680664
TIME,45872.79000854492
TIME,127626.18299865723
TIME,48742.35501098633
TIME,117431.7380065918
TIME,49472.37699890137
TIME,45168.884994506836
TIME,116696.48300170898
TIME,55467.31100463867
TIME,46874.6549987793
TIME,111759.21699523926
TIME,46682.843994140625
TIME,43285.82598876953
TIME,44476.68099975586
TIME,124369.18598937988
TIME,40691.52200317383
TIME,109026.91299438477
TIME,49123.91600036621
TIME,41638.746994018555
TIME,124300.8450012207
TIME,49375.17900085449
TIME,43718.19599914551
TIME,101956.55299377441
TIME,46119.13000488281
TIME,44546.871994018555
TIME,108181.54598999023
TIME,50213.3630065918
TIME,51076.767013549805
TIME,102537.5770111084
TIME,53541.38000488281
TIME,52450.71600341797
TIME,100099.89399719238
TIME,54060.28401184082
TIME,52240.822998046875
TIME,111396.88499450684
TIME,53715.57099914551
TIME,104765.30799865723
TIME,46312.101989746094
TIME,105307.28199768066
TIME,38780.920013427734
TIME,62315.99899291992
TIME,56176.815994262695
TIME,39506.67399597168
TIME,62446.539001464844
TIME,43786.32699584961
TIME,54747.68699645996
TIME,43956.92900085449
TIME,41248.164001464844
TIME,44715.733001708984
TIME,44644.322006225586
TIME,46548.65400695801
TIME,51006.05499267578
TIME,46150.530990600586
TIME,49678.759994506836
TIME,46817.19400024414
TIME,53310.26899719238
TIME,46346.322006225586
TIME,48934.51600646973
TIME,46319.36199951172
TIME,60778.12998962402
TIME,40919.13200378418
TIME,60538.02900695801
TIME,42940.28201293945
TIME,51862.552001953125
TIME,41102.052993774414
TIME,49450.169006347656
TIME,40114.74800109863
TIME,44965.9940032959
TIME,46136.04100036621
TIME,55055.98001098633
TIME,44223.899993896484
TIME,60959.29100036621
TIME,44886.38400268555
TIME,47514.00700378418
TIME,47399.7559967041
TIME,52099.68299865723
TIME,48934.086013793945
TIME,50545.163986206055
TIME,38137.996994018555
TIME,47068.34599304199
TIME,51461.81999206543
TIME,96038.3809967041
TIME,49435.488998413086
TIME,73333.50999450684
TIME,79789.90299987793
TIME,50216.781997680664
TIME,44584.391998291016
TIME,69814.34800720215
TIME,45860.24899291992
TIME,46887.80500793457
TIME,67673.93798828125
TIME,50636.08399963379
TIME,47504.09700012207
TIME,68177.18901062012
TIME,48415.29399108887
TIME,45766.40899658203
TIME,60674.27900695801
TIME,50212.15199279785
TIME,43455.815994262695
TIME,68427.07998657227
TIME,41910.09800720215
TIME,44038.218994140625
TIME,57739.893005371094
TIME,45403.29699707031
TIME,41379.82499694824
TIME,51468.25
TIME,39029.95100402832
TIME,47116.25500488281
TIME,53675.92100524902
TIME,49073.46501159668
TIME,46616.71299743652
TIME,49123.38800048828
TIME,77160.1900024414
TIME,45221.69400024414
TIME,67090.10301208496
TIME,45121.45300292969
TIME,47127.9469909668
TIME,66944.15400695801
TIME,54506.89601135254
TIME,47155.114990234375
TIME,50248.42199707031
TIME,70525.77200317383
TIME,45390.86700439453
TIME,70473.98300170898
TIME,49995.08200073242
TIME,47877.1190032959
TIME,71654.22799682617
TIME,54588.25500488281
TIME,47291.23699951172
TIME,48117.51200866699
TIME,53840.74299621582
TIME,52648.4049987793
TIME,53850.7619934082
TIME,52224.13198852539
TIME,50037.50199890137
TIME,54065.41499328613
TIME,56126.69499206543
TIME,54155.15299987793
TIME,45574.767013549805
TIME,52533.136001586914
TIME,43285.864990234375
TIME,62655.059997558594
TIME,44776.8030090332
TIME,67372.3150024414
TIME,47514.91799926758
TIME,57066.12001037598
TIME,46711.89399719238
TIME,46599.983001708984
TIME,50220.3030090332
TIME,48943.02600097656
TIME,45579.218002319336
TIME,47347.47799682617
TIME,48189.75199890137
TIME,45678.788009643555
TIME,49413.42900085449
TIME,56112.83500671387
TIME,48215.190994262695
TIME,48014.0299987793
TIME,47421.9580078125
TIME,55819.03298950195
TIME,40605.961013793945
TIME,54477.60501098633
TIME,42908.96299743652
TIME,49487.35900878906
TIME,38452.52900695801
TIME,45963.66000366211
TIME,49117.31700134277
TIME,56842.65899658203
TIME,46721.90199279785
TIME,61361.253005981445
TIME,44116.00900268555
TIME,61715.33500671387
TIME,44037.219009399414
TIME,45793.90899658203
TIME,44893.774002075195
TIME,50528.863998413086
TIME,46841.45300292969
TIME,54347.455993652344
TIME,42059.2380065918
TIME,57054.539001464844
TIME,61133.962005615234
TIME,93969.74000549316
TIME,46435.13101196289
TIME,74455.71299743652
TIME,46237.06201171875
TIME,86960.04100036621
TIME,47498.77799987793
TIME,69616.60899353027
TIME,51758.210998535156
TIME,41354.72300720215
TIME,70560.38301086426
TIME,49645.91000366211
TIME,46060.580993652344
TIME,68959.48500061035
TIME,50222.22200012207
TIME,47777.25900268555
TIME,64517.16000366211
TIME,50068.9229888916
TIME,50611.7559967041
TIME,61439.64399719238
TIME,52984.97700500488
TIME,44142.940002441406
TIME,42025.26901245117
TIME,72163.30200195312
TIME,49411.99899291992
TIME,56252.48500061035
TIME,50705.37400817871
TIME,46757.76300048828
TIME,60390.65798950195
TIME,48944.77699279785
TIME,47381.61801147461
TIME,75054.88700866699
TIME,52239.80400085449
TIME,42995.19400024414
TIME,60628.42900085449
TIME,44960.934997558594
TIME,47041.41500854492
TIME,67447.30499267578
TIME,54769.56700134277
TIME,48245.483001708984
TIME,51252.266998291016
TIME,70695.34300231934
TIME,46270.05000305176
TIME,65917.55700683594
TIME,45443.815994262695
TIME,50954.25601196289
TIME,67543.09700012207
TIME,55930.93299865723
TIME,49234.586990356445
TIME,48988.496002197266
TIME,54419.82600402832
TIME,51773.58200073242
TIME,55275.38200378418
TIME,56018.90399169922
TIME,48490.54200744629
TIME,51926.080993652344
TIME,54469.73500061035
TIME,48905.295989990234
TIME,45377.14599609375
TIME,45841.33799743652
TIME,43094.20300292969
TIME,58284.5059967041
TIME,47002.00500488281
TIME,64781.64100646973
TIME,44474.44200134277
TIME,55112.440002441406
TIME,44214.29100036621
TIME,44748.00199890137
TIME,48556.683013916016
TIME,46901.815994262695
TIME,49301.6190032959
TIME,53832.711990356445
TIME,42717.141998291016
TIME,45935.88999938965
TIME,48089.34201049805
TIME,55101.13899230957
TIME,48952.64399719238
TIME,49015.176010131836
TIME,48720.384994506836
TIME,62522.10900878906
TIME,43313.89500427246
TIME,61185.690994262695
TIME,43135.66500854492
TIME,48993.66500854492
TIME,48914.884994506836
TIME,53399.57099914551
TIME,44413.02200317383
TIME,48811.37399291992
TIME,44760.62300109863
TIME,59351.22200012207
TIME,47797.33999633789
TIME,64130.59799194336
TIME,47740.00799560547
TIME,50541.75500488281
TIME,43312.455001831055
TIME,47836.13999938965
TIME,44650.53300476074
TIME,46105.511001586914
TIME,39636.28500366211
TIME,54104.02299499512
TIME,55628.59100341797
TIME,92005.17100524902
TIME,45989.04899597168
TIME,68818.58399963379
TIME,46026.86000061035
TIME,81375.13200378418
TIME,46650.454010009766
TIME,46465.00199890137
TIME,43139.454010009766
TIME,112688.0719909668
TIME,49977.982009887695
TIME,49811.81100463867
TIME,116124.84899902344
TIME,53871.26200866699
TIME,45975.56001281738
TIME,51591.460998535156
TIME,128627.05899047852
TIME,45397.427001953125
TIME,114064.76998901367
TIME,47524.608001708984
TIME,49996.01200866699
TIME,121440.13900756836
TIME,52001.92300415039
TIME,41685.18598937988
TIME,122290.73300170898
TIME,48576.54299926758
TIME,43528.836990356445
TIME,114368.63000488281
TIME,40777.710998535156
TIME,53036.919006347656
TIME,111290.79400634766
TIME,57787.14399719238
TIME,48463.10400390625
TIME,120943.64599609375
TIME,52957.27700805664
TIME,48780.5950012207
TIME,123691.92098999023
TIME,56975.669006347656
TIME,49105.156997680664
TIME,49773.77000427246
TIME,130470.8570098877
TIME,49388.25700378418
TIME,110962.3630065918
TIME,56183.134994506836
TIME,50499.82499694824
TIME,112198.68899536133
TIME,53437.190002441406
TIME,47648.677001953125
TIME,120829.2259979248
TIME,53655.72099304199
TIME,51135.47799682617
TIME,102222.94499206543
TIME,56782.09700012207
TIME,49085.68598937988
TIME,106646.50999450684
TIME,56458.36599731445
TIME,113072.54299926758
TIME,48672.07499694824
TIME,106054.14599609375
TIME,55571.04100036621
TIME,40555.57000732422
TIME,49840.31100463867
TIME,39355.27299499512
TIME,60505.15800476074
TIME,45885.6669921875
TIME,56399.57600402832
TIME,46294.06100463867
TIME,46729.53300476074
TIME,44729.20399475098
TIME,42246.38000488281
TIME,45357.316986083984
TIME,43584.09600830078
TIME,43927.16799926758
TIME,46723.07400512695
TIME,43986.85899353027
TIME,51405.47898864746
TIME,49417.95700073242
TIME,46582.503005981445
TIME,46973.03498840332
TIME,60764.58999633789
TIME,40857.850997924805
TIME,61311.45300292969
TIME,42853.101989746094
TIME,46953.02500915527
TIME,43544.5059967041
TIME,45817.5890045166
TIME,49487.7200012207
TIME,48217.9700012207
TIME,44172.71000671387
TIME,58731.378997802734
TIME,48544.23500061035
TIME,63782.86599731445
TIME,47353.84600830078
TIME,56096.613998413086
TIME,50176.88299560547
TIME,53288.3390045166
TIME,45753.9169921875
TIME,54734.43800354004
TIME,42087.01899719238
TIME,48504.72300720215
TIME,56714.77700805664
TIME,93662.95999145508
TIME,46913.46398925781
TIME,64137.947998046875
TIME,76307.1840057373
TIME,47924.82000732422
TIME,41877.04800415039
TIME,59352.371994018555
TIME,46869.13301086426
TIME,52911.82699584961
TIME,60752.85900878906
TIME,56705.468002319336
TIME,46918.82499694824
TIME,73858.17100524902
TIME,49311.816986083984
TIME,46929.74398803711
TIME,65325.07499694824
TIME,51192.30799865723
TIME,49125.4880065918
TIME,67025.46499633789
TIME,46792.983001708984
TIME,44210.06001281738
TIME,63854.475997924805
TIME,45587.99800109863
TIME,47300.3869934082
TIME,56048.31399536133
TIME,50811.14399719238
TIME,47032.996002197266
TIME,53593.712005615234
TIME,54875.6369934082
TIME,47163.80700683594
TIME,48726.24499511719
TIME,76158.91400146484
TIME,44935.15399169922
TIME,61040.851013183594
TIME,44446.072006225586
TIME,47274.56799316406
TIME,64508.940002441406
TIME,52796.36601257324
TIME,45038.80500793457
TIME,67083.4940032959
TIME,48157.68099975586
TIME,49275.955993652344
TIME,70403.15200805664
TIME,49055.11601257324
TIME,48071.00199890137
TIME,71283.97799682617
TIME,53956.962005615234
TIME,46804.17399597168
TIME,45529.1969909668
TIME,52879.36700439453
TIME,48976.625
TIME,53736.72200012207
TIME,54225.92399597168
TIME,51679.36199951172
TIME,56210.044998168945
TIME,58343.28700256348
TIME,54464.96499633789
TIME,43740.608001708984
TIME,54589.92599487305
TIME,41484.684997558594
TIME,57249.740005493164
TIME,45069.274993896484
TIME,62323.36799621582
TIME,48129.58200073242
TIME,64011.65798950195
TIME,47712.59899902344
TIME,42346.81900024414
TIME,45459.5059967041
TIME,49236.13899230957
TIME,47340.59700012207
TIME,48785.80400085449
TIME,48604.733001708984
TIME,54034.47300720215
TIME,49775.058990478516
TIME,52416.955001831055
TIME,45648.80700683594
TIME,46870.56298828125
TIME,49797.06900024414
TIME,57040.52000427246
TIME,42781.5419921875
TIME,62899.33100891113
TIME,40423.66899108887
TIME,47337.68701171875
TIME,47287.18800354004
TIME,52623.71499633789
TIME,44385.33200073242
TIME,45976.88000488281
TIME,48663.2140045166
TIME,64924.552993774414
TIME,47430.906997680664
TIME,61540.00500488281
TIME,45558.16799926758
TIME,54181.28300476074
TIME,47737.669998168945
TIME,51147.3270111084
TIME,45082.19400024414
TIME,54589.39601135254
TIME,42087.88899230957
TIME,49450.538009643555
TIME,52360.20399475098
TIME,93594.30699157715
TIME,46552.273010253906
TIME,58774.10900878906
TIME,42223.580001831055
TIME,77652.18200683594
TIME,49760.030014038086
TIME,61213.731994628906
TIME,54216.835998535156
TIME,45349.28700256348
TIME,74378.73399353027
TIME,52671.684997558594
TIME,43768.448013305664
TIME,72858.57499694824
TIME,48161.86199951172
TIME,46069.02900695801
TIME,63716.77600097656
TIME,49676.68899536133
TIME,48495.23399353027
TIME,64768.990005493164
TIME,54250.78500366211
TIME,45919.29800415039
TIME,47514.18699645996
TIME,71251.58700561523
TIME,47846.15000915527
TIME,62947.09100341797
TIME,44797.78401184082
TIME,46600.21299743652
TIME,54653.16600036621
TIME,49699.99899291992
TIME,46851.64399719238
TIME,77636.58100891113
TIME,55605.84100341797
TIME,47200.905990600586
TIME,49793.81100463867
TIME,73421.82800292969
TIME,52555.73500061035
TIME,73435.41900634766
TIME,55146.91899108887
TIME,47957.989990234375
TIME,50123.81298828125
TIME,75730.95300292969
TIME,52487.61601257324
TIME,66512.65100097656
TIME,56771.5770111084
TIME,50860.815002441406
TIME,55646.122009277344
TIME,79343.13999938965
TIME,50226.95399475098
TIME,43515.106994628906
TIME,55449.84999084473
TIME,48216.79100036621
TIME,53932.06199645996
TIME,53422.580001831055
TIME,52622.774993896484
TIME,55537.25099182129
TIME,58134.065002441406
TIME,61355.33299255371
TIME,44725.92300415039
TIME,48725.14500427246
TIME,40609.05000305176
TIME,59516.572998046875
TIME,49137.80700683594
TIME,44282.781005859375
TIME,69993.46000671387
TIME,55801.45199584961
TIME,44512.510009765625
TIME,46085.93000793457
TIME,47938.919998168945
TIME,42143.608001708984
TIME,45542.97700500488
TIME,49839.3690032959
TIME,44239.07099914551
TIME,43990.93798828125
TIME,46226.23100280762
TIME,52992.00700378418
TIME,44837.15400695801
TIME,46865.28500366211
TIME,46597.6130065918
TIME,54824.197006225586
TIME,39913.02600097656
TIME,60147.53700256348
TIME,43097.363998413086
TIME,50139.34100341797
TIME,44199.79899597168
TIME,52567.55599975586
TIME,49873.440994262695
TIME,53590.80000305176
TIME,44113.600006103516
TIME,54899.989990234375
TIME,43038.14399719238
TIME,61781.114990234375
TIME,45425.36599731445
TIME,53398.80099487305
TIME,50232.843002319336
TIME,50729.83399963379
TIME,49950.169998168945
TIME,54329.455993652344
TIME,40830.09100341797
TIME,52436.003997802734
TIME,54211.8039855957
TIME,91570.48799133301
TIME,50634.83399963379
TIME,59772.63400268555
TIME,78773.73799133301
TIME,55438.24099731445
TIME,44319.030990600586
TIME,49899.63999938965
TIME,44582.89100646973
TIME,129580.16400146484
TIME,48510.97399902344
TIME,45381.64599609375
TIME,118178.00100708008
TIME,50390.302001953125
TIME,47245.386001586914
TIME,123230.1190032959
TIME,52004.51399230957
TIME,45988.009994506836
TIME,48565.503005981445
TIME,121693.5
TIME,46397.99299621582
TIME,119445.0180053711
TIME,44112.04998779297
TIME,50014.961990356445
TIME,117263.99800109863
TIME,48753.933990478516
TIME,45209.906005859375
TIME,107711.83399963379
TIME,51923.81298828125
TIME,43155.75498962402
TIME,115791.66900634766
TIME,48666.33500671387
TIME,46921.04399108887
TIME,44010.1190032959
TIME,123788.02101135254
TIME,46269.41101074219
TIME,96825.80500793457
TIME,49075.697998046875
TIME,47535.11801147461
TIME,112225.75799560547
TIME,46307.2200012207
TIME,47777.73001098633
TIME,102977.83801269531
TIME,47852.20001220703
TIME,47018.30400085449
TIME,104000.26499938965
TIME,51207.906997680664
TIME,51063.697998046875
TIME,120799.39601135254
TIME,53201.79998779297
TIME,51657.94999694824
TIME,100988.46800231934
TIME,49811.5
TIME,48633.065002441406
TIME,105110.00999450684
TIME,55154.12901306152
TIME,113945.74000549316
TIME,47681.24800109863
TIME,106070.29499816895
TIME,54803.468002319336
TIME,40302.25801086426
TIME,48329.64099121094
TIME,39480.35501098633
TIME,60412.2080078125
TIME,45724.0479888916
TIME,56065.40400695801
TIME,45445.17599487305
TIME,45126.315002441406
TIME,49630.600006103516
TIME,48809.82400512695
TIME,45030.664001464844
TIME,44897.40399169922
TIME,45438.40701293945
TIME,48772.9940032959
TIME,45341.51499938965
TIME,52356.15299987793
TIME,45286.54600524902
TIME,48564.524002075195
TIME,47476.48799133301
TIME,56935.70899963379
TIME,48453.253997802734
TIME,63847.91600036621
TIME,47068.92500305176
TIME,50193.06300354004
TIME,45214.115005493164
TIME,52832.6369934082
TIME,44323.55000305176
TIME,47232.93598937988
TIME,49989.621002197266
TIME,60914.06098937988
TIME,49029.61601257324
TIME,62457.9700012207
TIME,45542.95698547363
TIME,50028.871994018555
TIME,48889.78500366211
TIME,52327.302993774414
TIME,42956.73400878906
TIME,50436.934005737305
TIME,38075.018005371094
TIME,51535.539001464844
TIME,52733.02500915527
TIME,91457.29699707031
TIME,44513.12098693848
TIME,61128.25199890137
TIME,79325.97100830078
TIME,50247.23399353027
TIME,44362.45100402832
TIME,69486.68800354004
TIME,50678.615005493164
TIME,40972.96299743652
TIME,59076.3809967041
TIME,49252.36799621582
TIME,46803.44500732422
TIME,57551.54200744629
TIME,51881.551010131836
TIME,43464.39599609375
TIME,67955.10000610352
TIME,48088.40199279785
TIME,47193.71699523926
TIME,63049.08200073242
TIME,48834.683990478516
TIME,45828.27900695801
TIME,66043.03799438477
TIME,47214.89698791504
TIME,48709.615005493164
TIME,69052.35400390625
TIME,50849.815002441406
TIME,48768.4940032959
TIME,61994.246002197266
TIME,50064.88299560547
TIME,48000.50099182129
TIME,78637.83801269531
TIME,55755.2140045166
TIME,48032.25
TIME,65353.635009765625
TIME,56682.55700683594
TIME,48433.35398864746
TIME,77313.50999450684
TIME,60117.92599487305
TIME,53776.90100097656
TIME,72336.97099304199
TIME,53795.822006225586
TIME,49877.06100463867
TIME,50627.246002197266
TIME,71385.04800415039
TIME,51007.61599731445
TIME,73751.65899658203
TIME,55361.82000732422
TIME,49290.74800109863
TIME,49101.41799926758
TIME,52934.38899230957
TIME,49265.93600463867
TIME,60029.975006103516
TIME,53939.481994628906
TIME,45841.739013671875
TIME,55176.82099914551
TIME,52084.35400390625
TIME,48973.7140045166
TIME,46233.77899169922
TIME,52258.4049987793
TIME,37880.17500305176
TIME,52717.17599487305
TIME,43033.983001708984
TIME,67513.04699707031
TIME,46331.97200012207
TIME,59166.261001586914
TIME,48382.66200256348
TIME,47936.02000427246
TIME,46612.843002319336
TIME,48719.12300109863
TIME,46875.95300292969
TIME,45965.829986572266
TIME,45953.46000671387
TIME,47124.15399169922
TIME,47226.065994262695
TIME,49807.31001281738
TIME,48522.01399230957
TIME,50470.73500061035
TIME,48446.164001464844
TIME,63898.04699707031
TIME,44764.844009399414
TIME,55939.04299926758
TIME,39294.10398864746
TIME,42325.59001159668
TIME,38269.68800354004
TIME,46721.67399597168
TIME,43711.33799743652
TIME,47798.91799926758
TIME,44172.38999938965
TIME,61803.94599914551
TIME,50621.21499633789
TIME,62465.93899536133
TIME,45077.48500061035
TIME,49686.260986328125
TIME,49037.1669921875
TIME,54334.113998413086
TIME,46654.393005371094
TIME,53999.274002075195
TIME,41859.98600769043
TIME,51796.440002441406
TIME,54059.08198547363
TIME,97303.54901123047
TIME,44545.0719909668
TIME,59925.864990234375
TIME,44008.919006347656
TIME,78208.17399597168
TIME,47973.52099609375
TIME,61781.614990234375
TIME,48898.4940032959
TIME,44987.024002075195
TIME,62696.350006103516
TIME,53173.34800720215
TIME,43442.32598876953
TIME,68993.4049987793
TIME,49818.871002197266
TIME,47786.197998046875
TIME,65114.56401062012
TIME,51627.37098693848
TIME,46031.98100280762
TIME,59828.28500366211
TIME,47934.830001831055
TIME,45432.1549987793
TIME,65203.9940032959
TIME,46061.63999938965
TIME,47617.81900024414
TIME,62688.95001220703
TIME,50160.252014160156
TIME,47558.93699645996
TIME,59808.7440032959
TIME,51345.07699584961
TIME,46104.65100097656
TIME,50438.21501159668
TIME,73708.41200256348
TIME,49285.55599975586
TIME,73221.54699707031
TIME,54172.113998413086
TIME,46544.003005981445
TIME,51343.84899902344
TIME,75439.41999816895
TIME,49940.09999084473
TIME,64573.04000854492
TIME,51908.97099304199
TIME,48217.02200317383
TIME,51150.57800292969
TIME,71601.13899230957
TIME,45223.294006347656
TIME,69126.79400634766
TIME,50935.25500488281
TIME,50360.94400024414
TIME,50869.6549987793
TIME,52071.60299682617
TIME,49851.809997558594
TIME,55037.8279876709
TIME,53332.7200012207
TIME,51431.91799926758
TIME,54776.246002197266
TIME,56425.91600036621
TIME,59180.63101196289
TIME,44034.05799865723
TIME,48384.47299194336
TIME,39826.96699523926
TIME,59469.88301086426
TIME,48664.25500488281
TIME,67205.58500671387
TIME,46778.38400268555
TIME,63086.15100097656
TIME,46100.169006347656
TIME,45938.7380065918
TIME,44075.24899291992
TIME,46910.065002441406
TIME,45152.67498779297
TIME,43846.788009643555
TIME,49810.63999938965
TIME,49606.95999145508
TIME,45332.12600708008
TIME,46049.84899902344
TIME,46956.87400817871
TIME,48936.225997924805
TIME,46226.40100097656
TIME,50119.621002197266
TIME,42137.06800842285
TIME,61745.10499572754
TIME,39331.62400817871
TIME,45999.7979888916
TIME,46521.20300292969
TIME,54888.38800048828
TIME,45689.468994140625
TIME,43524.2859954834
TIME,46907.34298706055
TIME,58224.12600708008
TIME,46873.74499511719
TIME,58317.73600769043
TIME,46913.955001831055
TIME,49290.43699645996
TIME,50924.55699157715
TIME,53512.600997924805
TIME,44934.90399169922
TIME,49474.59899902344
TIME,49283.7080078125
TIME,49777.73100280762
TIME,87068.42300415039
TIME,59374.822006225586
TIME,45496.64700317383
TIME,58054.794006347656
TIME,44000.36700439453
TIME,79014.33801269531
TIME,44830.76300048828
TIME,48339.523010253906
TIME,45064.065002441406
TIME,111908.86700439453
TIME,48219.16101074219
TIME,46818.12300109863
TIME,118770.98400878906
TIME,49867.06098937988
TIME,48711.9049987793
TIME,122566.49398803711
TIME,51535.718002319336
TIME,45874.06900024414
TIME,46748.30400085449
TIME,119939.17098999023
TIME,48399.93299865723
TIME,126753.81900024414
TIME,50680.79399108887
TIME,46047.60899353027
TIME,123741.27200317383
TIME,48519.97399902344
TIME,44932.164001464844
TIME,115576.19799804688
TIME,53416.04000854492
TIME,45430.49499511719
TIME,110152.51699829102
TIME,45006.10400390625
TIME,48209.27200317383
TIME,121497.80000305176
TIME,52881.33799743652
TIME,45044.52299499512
TIME,108893.43200683594
TIME,55031.66799926758
TIME,48159.823013305664
TIME,117047.16500854492
TIME,51647.47999572754
TIME,47170.125
TIME,107166.14999389648
TIME,53059.56800842285
TIME,45881.11000061035
TIME,116723.86399841309
TIME,51852.55000305176
TIME,49954.20098876953
TIME,116344.48100280762
TIME,55867.42401123047
TIME,52955.106994628906
TIME,96893.19700622559
TIME,57066.52000427246
TIME,49078.64700317383
TIME,105364.35200500488
TIME,55083.09999084473
TIME,106514.01699829102
TIME,46252.33200073242
TIME,48549.64399719238
TIME,104794.18899536133
TIME,45427.02700805664
TIME,64471.43998718262
TIME,49251.69599914551
TIME,67942.5179901123
TIME,48458.15299987793
TIME,63039.61299133301
TIME,46384.301986694336
TIME,47553.25900268555
TIME,45864.4580078125
TIME,48293.75100708008
TIME,47299.49501037598
TIME,51939.63200378418
TIME,45964.330001831055
TIME,45114.774002075195
TIME,46961.67500305176
TIME,47819.580993652344
TIME,46873.774993896484
TIME,48851.205993652344
TIME,45608.24800109863
TIME,61222.732986450195
TIME,42641.170989990234
TIME,55719.02200317383
TIME,38732.92100524902
TIME,43230.8450012207
TIME,39285.92300415039
TIME,47217.386001586914
TIME,44257.45100402832
TIME,48585.34298706055
TIME,45716.968994140625
TIME,60902.83999633789
TIME,49236.086990356445
TIME,66069.16799926758
TIME,49527.18800354004
TIME,59953.64599609375
TIME,47374.95700073242
TIME,41624.44599914551
TIME,44230.04899597168
TIME,47590.77899169922
TIME,45047.94500732422
TIME,54855.50700378418
TIME,58716.628997802734
TIME,99373.13000488281
TIME,47417.35600280762
TIME,79598.1609954834
TIME,46155.41101074219
TIME,86278.84700012207
TIME,46971.5059967041
TIME,64962.61299133301
TIME,52197.27299499512
TIME,43088.83399963379
TIME,70153.80099487305
TIME,48306.27299499512
TIME,45581.718002319336
TIME,69288.31600952148
TIME,47261.03700256348
TIME,43169.15399169922
TIME,63937.61700439453
TIME,49612.190002441406
TIME,48815.99501037598
TIME,58971.11999511719
TIME,51504.740005493164
TIME,47716.538986206055
TIME,68601.85299682617
TIME,48931.76499938965
TIME,44597.27200317383
TIME,65450.99499511719
TIME,47176.947006225586
TIME,45861.90901184082
TIME,56714.398010253906
TIME,52319.24299621582
TIME,50472.892990112305
TIME,74603.0539855957
TIME,52842.89601135254
TIME,49034.71701049805
TIME,61093.59100341797
TIME,55220.761001586914
TIME,46567.85200500488
TIME,78501.45500183105
TIME,55136.927993774414
TIME,48384.67199707031
TIME,67750.87899780273
TIME,49980.58200073242
TIME,46045.169998168945
TIME,71650.96798706055
TIME,51297.90798950195
TIME,50615.21499633789
TIME,72344.65200805664
TIME,54966.50799560547
TIME,49199.19599914551
TIME,47891.68899536133
TIME,56544.8270111084
TIME,48117.20199584961
TIME,49703.91101074219
TIME,54215.613998413086
TIME,51806.43099975586
TIME,55289.02000427246
