TIME,58116
TIME,69118
TIME,83836
TIME,96055
TIME,99548
TIME,101770
TIME,128911
TIME,131975
TIME,134870
TIME,158552
TIME,168403
TIME,174994
TIME,176432
TIME,200606
TIME,211570
TIME,227172
TIME,243493
TIME,254844
TIME,263324
TIME,297250
TIME,305179
TIME,310667
TIME,319788
TIME,329255
TIME,336763
TIME,348939
TIME,360138
TIME,375645
TIME,382744
TIME,392637
TIME,403995
TIME,412959
TIME,426057
TIME,432078
TIME,443031
TIME,458438
TIME,467320
TIME,290575
TIME,295511
TIME,311209
TIME,317063
TIME,331812
TIME,334429
TIME,361333
TIME,369521
TIME,383088
TIME,396914
TIME,414741
TIME,419931
TIME,431359
TIME,433862
TIME,445694
TIME,459385
TIME,467316
TIME,469645
TIME,478410
TIME,487801
TIME,496041
TIME,512236
TIME,530775
TIME,542698
TIME,550714
TIME,564206
TIME,568105
TIME,580052
TIME,591164
TIME,597472
TIME,612149
TIME,620165
TIME,621352
TIME,635407
TIME,645776
TIME,648586
TIME,661936
TIME,488855
TIME,496315
TIME,508988
TIME,514320
TIME,537563
TIME,539318
TIME,541200
TIME,542286
TIME,543948
TIME,550809
TIME,551670
TIME,551862
TIME,556881
TIME,557733
TIME,558915
TIME,559877
TIME,563226
TIME,563724
TIME,569951
TIME,572373
TIME,575603
TIME,590360
TIME,597475
TIME,608199
TIME,616875
TIME,617397
TIME,629896
TIME,635533
TIME,652012
TIME,663546
TIME,666681
TIME,671928
TIME,678563
TIME,688665
TIME,698332
TIME,702143
TIME,712826
TIME,465030
TIME,474387
TIME,485115
TIME,497236
TIME,501688
TIME,510010
TIME,510861
TIME,525104
TIME,540246
TIME,544465
TIME,545091
TIME,553083
TIME,565812
TIME,573376
TIME,583137
TIME,590875
TIME,605715
TIME,617828
TIME,632990
TIME,651033
TIME,666799
TIME,669774
TIME,685079
TIME,686798
TIME,704694
TIME,718287
TIME,725674
TIME,734413
TIME,744843
TIME,756698
TIME,767770
TIME,784971
TIME,793962
TIME,797310
TIME,817569
TIME,827548
TIME,834581
TIME,618703
TIME,632346
TIME,635578
TIME,651216
TIME,653833
TIME,662984
TIME,670432
TIME,692377
TIME,703579
TIME,703722
TIME,718885
TIME,728070
TIME,742845
TIME,743425
TIME,754578
TIME,768709
TIME,772075
TIME,784899
TIME,796920
TIME,803816
TIME,814721
TIME,824862
TIME,828618
TIME,840390
TIME,851769
TIME,852416
TIME,865600
TIME,873084
TIME,884219
TIME,891748
TIME,896521
TIME,909362
TIME,925039
TIME,932034
TIME,941002
TIME,949014
TIME,962890
TIME,753762
TIME,768330
TIME,769159
TIME,785851
TIME,791307
TIME,804253
TIME,806395
TIME,825388
TIME,828236
TIME,840208
TIME,850456
TIME,868370
TIME,882168
TIME,897685
TIME,912089
TIME,924468
TIME,933892
TIME,941145
TIME,948604
TIME,960049
TIME,974657
TIME,987777
TIME,1005226
TIME,1011263
TIME,1022673
TIME,1041072
TIME,1042138
TIME,1048457
TIME,1059411
TIME,1064210
TIME,1069895
TIME,1075026
TIME,1075041
TIME,1079787
TIME,1086185
TIME,1089483
TIME,879603
TIME,881394
TIME,1103690
TIME,910800
TIME,913865
TIME,918464
TIME,935945
TIME,960332
TIME,1039992
TIME,1045828
TIME,1050706
TIME,1053355
TIME,1054769
TIME,1064415
TIME,1066430
TIME,1067260
TIME,1069513
TIME,1071554
TIME,1072873
TIME,1073562
TIME,1075522
TIME,1076959
TIME,1077746
TIME,1079244
TIME,1081269
TIME,1082037
TIME,1089257
TIME,1091108
TIME,1100479
TIME,1110950
TIME,1121842
TIME,1137371
TIME,1149131
TIME,1156187
TIME,1165465
TIME,1175258
TIME,1193491
TIME,1198428
TIME,996322
TIME,1010526
TIME,1013991
TIME,1026111
TIME,1037183
TIME,1047333
TIME,1056322
TIME,1057674
TIME,1066669
TIME,1077864
TIME,1090068
TIME,1120639
TIME,1142992
TIME,1151538
TIME,1156120
TIME,1170930
TIME,1177313
TIME,1186868
TIME,1195033
TIME,1202657
TIME,1211373
TIME,1226294
TIME,1229149
TIME,1249797
TIME,1269529
TIME,1275423
TIME,1288429
TIME,1297059
TIME,1306848
TIME,1308943
TIME,1324592
TIME,1341968
TIME,1343249
TIME,1345686
TIME,1363832
TIME,1373125
TIME,1377725
TIME,1074222
TIME,1081315
TIME,1093277
TIME,1103737
TIME,1117104
TIME,1127207
TIME,1132042
TIME,1139821
TIME,1144195
TIME,1159164
TIME,1162434
TIME,1167274
TIME,1183007
TIME,1193457
TIME,1201627
TIME,1206175
TIME,1221750
TIME,1237269
TIME,1237341
TIME,1249770
TIME,1264666
TIME,1272368
TIME,1279656
TIME,1290884
TIME,1295217
TIME,1307600
TIME,1318427
TIME,1321395
TIME,1336206
TIME,1338171
TIME,1358665
TIME,1367238
TIME,1372654
TIME,1388433
TIME,1397308
TIME,1402153
TIME,1417473
TIME,1225754
TIME,1228898
TIME,1239110
TIME,1263355
TIME,1270019
TIME,1285815
TIME,1286384
TIME,1307767
TIME,1317514
TIME,1332030
TIME,1340507
TIME,1350996
TIME,1356207
TIME,1367700
TIME,1385796
TIME,1400036
TIME,1411129
TIME,1429658
TIME,1435076
TIME,1452366
TIME,1459984
TIME,1469897
TIME,1476469
TIME,1484490
TIME,1500508
TIME,1501690
TIME,1519680
TIME,1522074
TIME,1526670
TIME,1534310
TIME,1552132
TIME,1558855
TIME,1562224
TIME,1573571
TIME,1579473
TIME,1594839
TIME,1603287
TIME,1400472
TIME,1415473
TIME,1421096
TIME,1423688
TIME,1436063
TIME,1444178
TIME,1457184
TIME,1467295
TIME,1475506
TIME,1483820
TIME,1486435
TIME,1491191
TIME,1498695
TIME,1507154
TIME,1520355
TIME,1524801
TIME,1531378
TIME,1541603
TIME,1549864
TIME,1566203
TIME,1574196
TIME,1585581
TIME,1591180
TIME,1596106
TIME,1610739
TIME,1614338
TIME,1622320
TIME,1634072
TIME,1643772
TIME,1650710
TIME,1657539
TIME,1659740
TIME,1667290
TIME,1680271
TIME,1688322
TIME,1692721
TIME,1702116
TIME,1532919
TIME,1553031
TIME,1563732
TIME,1574913
TIME,1586400
TIME,1593082
TIME,1606351
TIME,1608903
TIME,1618082
TIME,1627815
TIME,1630835
TIME,1645627
TIME,1653009
TIME,1657885
TIME,1677885
TIME,1692542
TIME,1703348
TIME,1715264
TIME,1716126
TIME,1735160
TIME,1745236
TIME,1750091
TIME,1756210
TIME,1766554
TIME,1780960
TIME,1783169
TIME,1790861
TIME,1801202
TIME,1814440
TIME,1817665
TIME,1833064
TIME,1839848
TIME,1845499
TIME,1861970
TIME,1864477
TIME,1878183
TIME,1886207
TIME,1720031
TIME,1722203
TIME,1732898
TIME,1737057
TIME,1754623
TIME,1757642
TIME,1768255
TIME,1776232
TIME,1780268
TIME,1792699
TIME,1806159
TIME,1819519
TIME,1827535
TIME,1831071
TIME,1843555
TIME,1853202
TIME,1860601
TIME,1870479
TIME,1886284
TIME,1887466
TIME,1900365
TIME,1911283
TIME,1920034
TIME,1921851
TIME,1926197
TIME,1926490
TIME,1928100
TIME,1928910
TIME,1933004
TIME,1939839
TIME,1949411
TIME,1950669
TIME,1965497
TIME,1970796
TIME,1986526
TIME,1989098
TIME,2003359
TIME,1796376
TIME,1806051
TIME,1816458
TIME,1830732
TIME,1853721
TIME,1869280
TIME,1877897
TIME,1879824
TIME,1888716
TIME,1896110
TIME,1905661
TIME,1906964
TIME,1920905
TIME,1930010
TIME,1931010
TIME,1945644
TIME,1949838
TIME,1967606
TIME,1978408
TIME,1996535
TIME,1997434
TIME,2006858
TIME,2021450
TIME,2028842
TIME,2041276
TIME,2045808
TIME,2052215
TIME,2058353
TIME,2072843
TIME,2083268
TIME,2088947
TIME,2091988
TIME,2108355
TIME,2112162
TIME,2129298
TIME,2142345
TIME,2145745
TIME,1980881
TIME,1983733
TIME,1991040
TIME,1999041
TIME,2008715
TIME,2023191
TIME,2024714
TIME,2041376
TIME,2045384
TIME,2052320
TIME,2062224
TIME,2068982
TIME,2071118
TIME,2080309
TIME,2090271
TIME,2104014
TIME,2106128
TIME,2123163
TIME,2130715
TIME,2140476
TIME,2147946
TIME,2155184
TIME,2158934
TIME,2175696
TIME,2182861
TIME,2191928
TIME,2198996
TIME,2207719
TIME,2216069
TIME,2217455
TIME,2225532
TIME,2239032
TIME,2248659
TIME,2251655
TIME,2263848
TIME,2278112
TIME,2280228
TIME,2084469
TIME,2094847
TIME,2102810
TIME,2117929
TIME,2134569
TIME,2151335
TIME,2158419
TIME,2162614
TIME,2170590
TIME,2186341
TIME,2186463
TIME,2191161
TIME,2199765
TIME,2208524
TIME,2220400
TIME,2232661
TIME,2243484
TIME,2252243
TIME,2268491
TIME,2272276
TIME,2283577
TIME,2295613
TIME,2304482
TIME,2318937
TIME,2326334
TIME,2335483
TIME,2344272
TIME,2347379
TIME,2357790
TIME,2367994
TIME,2375214
TIME,2386466
TIME,2394536
TIME,2411265
TIME,2419726
TIME,2425899
TIME,2434730
TIME,2233609
TIME,2247284
TIME,2248673
TIME,2249894
TIME,2252105
TIME,2255691
TIME,2258799
TIME,2259371
TIME,2261426
TIME,2265128
TIME,2272216
TIME,2279674
TIME,2292943
TIME,2297645
TIME,2311820
TIME,2316121
TIME,2323632
TIME,2330751
TIME,2345940
TIME,2346877
TIME,2362138
TIME,2371411
TIME,2385330
TIME,2394841
TIME,2397493
TIME,2404869
TIME,2414361
TIME,2429265
TIME,2432014
TIME,2446407
TIME,2454180
TIME,2461955
TIME,2465047
TIME,2474119
TIME,2483264
TIME,2496310
TIME,2496321
TIME,2337551
TIME,2351543
TIME,2352826
TIME,2372364
TIME,2377880
TIME,2387379
TIME,2421291
TIME,2429374
TIME,2443635
TIME,2454060
TIME,2459058
TIME,2474810
TIME,2482077
TIME,2484176
TIME,2500717
TIME,2506321
TIME,2517471
TIME,2524951
TIME,2536206
TIME,2545617
TIME,2561390
TIME,2582970
TIME,2596251
TIME,2604283
TIME,2641412
TIME,2723455
TIME,2738826
TIME,2750802
TIME,2751988
TIME,2754171
TIME,2755594
TIME,2756063
TIME,2758141
TIME,2759534
TIME,2760250
TIME,2761575
TIME,2763791
TIME,2562681
TIME,2565977
TIME,2566712
TIME,2567903
TIME,2569799
TIME,2577387
TIME,2589432
TIME,2600603
TIME,2608707
TIME,2612869
TIME,2631632
TIME,2636874
TIME,2641399
TIME,2649426
TIME,2658459
TIME,2666257
TIME,2674526
TIME,2685565
TIME,2697762
TIME,2702093
TIME,2709477
TIME,2716364
TIME,2731297
TIME,2740322
TIME,2742138
TIME,2760989
TIME,2764971
TIME,2774982
TIME,2787202
TIME,2792847
TIME,2804614
TIME,2813305
TIME,2824514
TIME,2834429
TIME,2849019
TIME,2859832
TIME,2871917
TIME,2608250
TIME,2619603
TIME,2640774
TIME,2655903
TIME,2659520
TIME,2673704
TIME,2680664
TIME,2683403
TIME,2691913
TIME,2698369
TIME,2702384
TIME,2717091
TIME,2728311
TIME,2734635
TIME,2744148
TIME,2751330
TIME,2769771
TIME,2778460
TIME,2780303
TIME,2789359
TIME,2800553
TIME,2814132
TIME,2824623
TIME,2830589
TIME,2833632
TIME,2840402
TIME,2850108
TIME,2865037
TIME,2873879
TIME,2883002
TIME,2895484
TIME,2904350
TIME,2920461
TIME,2924900
TIME,2940629
TIME,2953022
TIME,2962820
TIME,2790963
TIME,2792600
TIME,2816893
TIME,2827011
TIME,2832053
TIME,2835573
TIME,2849050
TIME,2863828
TIME,2868912
TIME,2883207
TIME,2887099
TIME,2894105
TIME,2903197
TIME,2909294
TIME,2925532
TIME,2935196
TIME,2942086
TIME,2945377
TIME,2955003
TIME,2968998
TIME,2978537
TIME,2981188
TIME,2996717
TIME,3003848
TIME,3015054
TIME,3020836
TIME,3035107
TIME,3038066
TIME,3053799
TIME,3060324
TIME,3064748
TIME,3081062
TIME,3090527
TIME,3096492
TIME,3115743
TIME,3130574
TIME,3144939
TIME,2957552
TIME,2970046
TIME,2975097
TIME,2980048
TIME,2984993
TIME,2996268
TIME,3013568
TIME,3017109
TIME,3027322
TIME,3037239
TIME,3051128
TIME,3065376
TIME,3068269
TIME,3078967
TIME,3088916
TIME,3105547
TIME,3113718
TIME,3118073
TIME,3125773
TIME,3139230
TIME,3147386
TIME,3156533
TIME,3162979
TIME,3170953
TIME,3187560
TIME,3196358
TIME,3203561
TIME,3205293
TIME,3218497
TIME,3228298
TIME,3233765
TIME,3245827
TIME,3249430
TIME,3265297
TIME,3268524
TIME,3281673
TIME,3286519
TIME,3121655
TIME,3133857
TIME,3142839
TIME,3148506
TIME,3155113
TIME,3167853
TIME,3176774
TIME,3178314
TIME,3191766
TIME,3199929
TIME,3205889
TIME,3210261
TIME,3222017
TIME,3229647
TIME,3239249
TIME,3241394
TIME,3249585
TIME,3261535
TIME,3274526
TIME,3276930
TIME,3292357
TIME,3301907
TIME,3306206
TIME,3314807
TIME,3329124
TIME,3338663
TIME,3341792
TIME,3355191
TIME,3359990
TIME,3369043
TIME,3377968
TIME,3390612
TIME,3409554
TIME,3422643
TIME,3449742
TIME,3453930
TIME,3463170
TIME,3301620
TIME,3313456
TIME,3326679
TIME,3336080
TIME,3340335
TIME,3350287
TIME,3362450
TIME,3377295
TIME,3391487
TIME,3392822
TIME,3408988
TIME,3428018
TIME,3435340
TIME,3439288
TIME,3451476
TIME,3456972
TIME,3470089
TIME,3481908
TIME,3484541
TIME,3493828
TIME,3500607
TIME,3519504
TIME,3521605
TIME,3528345
TIME,3537528
TIME,3547408
TIME,3560429
TIME,3571740
TIME,3581181
TIME,3594609
TIME,3608399
TIME,3617283
TIME,3619168
TIME,3634903
TIME,3642903
TIME,3647493
TIME,3659301
TIME,3494983
TIME,3503691
TIME,3510753
TIME,3521845
TIME,3527651
TIME,3542658
TIME,3551253
TIME,3553582
TIME,3561281
TIME,3575337
TIME,3579281
TIME,3582982
TIME,3590883
TIME,3603944
TIME,3612567
TIME,3622071
TIME,3623317
TIME,3639214
TIME,3642395
TIME,3657397
TIME,3666310
TIME,3669272
TIME,3685130
TIME,3694554
TIME,3696669
TIME,3707474
TIME,3718138
TIME,3732839
TIME,3751101
TIME,3757795
TIME,3769744
TIME,3774213
TIME,3781607
TIME,3792327
TIME,3806541
TIME,3816369
TIME,3639444
TIME,3646414
TIME,3648256
TIME,3665254
TIME,3669511
TIME,3675568
TIME,3695478
TIME,3704518
TIME,3722957
TIME,3725224
TIME,3729996
TIME,3738726
TIME,3754028
TIME,3760040
TIME,3765305
TIME,3768909
TIME,3782608
TIME,3788433
TIME,3795957
TIME,3805623
TIME,3817554
TIME,3825754
TIME,3830038
TIME,3846845
TIME,3856462
TIME,3875820
TIME,3890876
TIME,3901072
TIME,3913691
TIME,3923441
TIME,3928529
TIME,3940011
TIME,3946906
TIME,3957150
TIME,3971007
TIME,3980062
TIME,3816440
TIME,3820315
TIME,3841474
TIME,3849892
TIME,3857528
TIME,3867739
TIME,3875952
TIME,3879065
TIME,3886139
TIME,3894558
TIME,3899463
TIME,3913455
TIME,3923773
TIME,3926230
TIME,3937694
TIME,3946634
TIME,3954591
TIME,3963717
TIME,3974693
TIME,3984547
TIME,3991110
TIME,4007653
TIME,4010847
TIME,4026501
TIME,4044301
TIME,4053798
TIME,4073879
TIME,4087692
TIME,4090385
TIME,4099166
TIME,4109800
TIME,4124567
TIME,4126689
TIME,4135330
TIME,4144653
TIME,4152525
TIME,3977655
TIME,3985827
TIME,3988355
TIME,4004465
TIME,4032187
TIME,4033681
TIME,4037117
TIME,4038516
TIME,4040274
TIME,4041290
TIME,4043138
TIME,4047401
TIME,4048542
TIME,4049259
TIME,4050243
TIME,4056284
TIME,4057389
TIME,4060130
TIME,4062696
TIME,4064167
TIME,4065032
TIME,4069529
TIME,4073522
TIME,4080871
TIME,4089704
TIME,4097052
TIME,4111731
TIME,4114182
TIME,4128497
TIME,4139676
TIME,4143338
TIME,4157363
TIME,4159221
TIME,4169223
TIME,4186084
TIME,3942112
TIME,4194049
TIME,3952417
TIME,3965117
TIME,3974015
TIME,3990625
TIME,3992751
TIME,4008740
TIME,4011999
TIME,4027497
TIME,4033301
TIME,4036774
TIME,4050342
TIME,4052367
TIME,4061783
TIME,4076413
TIME,4084638
TIME,4094058
TIME,4102948
TIME,4111660
TIME,4117863
TIME,4129052
TIME,4137774
TIME,4141228
TIME,4148885
TIME,4164009
TIME,4166874
TIME,4174805
TIME,4183974
TIME,4194049
TIME,4213883
TIME,4216778
TIME,4231871
TIME,4236983
TIME,4244513
TIME,4258557
TIME,4262863
TIME,4063794
TIME,4089930
TIME,4094982
TIME,4110802
TIME,4121679
TIME,4133206
TIME,4137968
TIME,4154220
TIME,4157228
TIME,4158711
TIME,4180500
TIME,4184310
TIME,4195711
TIME,4221961
TIME,4234128
TIME,4304945
TIME,4352244
TIME,4352722
TIME,4354805
TIME,4356941
TIME,4357590
TIME,4358762
TIME,4361177
TIME,4361811
TIME,4363679
TIME,4365155
TIME,4367074
TIME,4368561
TIME,4368663
TIME,4370518
TIME,4371409
TIME,4384616
TIME,4391090
TIME,4407445
TIME,4410742
TIME,4426894
TIME,4242204
TIME,4250515
TIME,4258781
TIME,4268701
TIME,4276022
TIME,4292392
TIME,4295340
TIME,4308396
TIME,4318870
TIME,4321187
TIME,4322574
TIME,4341008
TIME,4341547
TIME,4351045
TIME,4363323
TIME,4365799
TIME,4380899
TIME,4390857
TIME,4395086
TIME,4403587
TIME,4418561
TIME,4433258
TIME,4444092
TIME,4451093
TIME,4464535
TIME,4475964
TIME,4482583
TIME,4492292
TIME,4507700
TIME,4512713
TIME,4520133
TIME,4534945
TIME,4543337
TIME,4546847
TIME,4556680
TIME,4574958
TIME,4380459
TIME,4387345
TIME,4404456
TIME,4408303
TIME,4418149
TIME,4424421
TIME,4427791
TIME,4449523
TIME,4450137
TIME,4466870
TIME,4476266
TIME,4478621
TIME,4482004
TIME,4500165
TIME,4510032
TIME,4522510
TIME,4528750
TIME,4543804
TIME,4557084
TIME,4558983
TIME,4573478
TIME,4575635
TIME,4586257
TIME,4594652
TIME,4609078
TIME,4613265
TIME,4617769
TIME,4634052
TIME,4648806
TIME,4652733
TIME,4668552
TIME,4672102
TIME,4679580
TIME,4689135
TIME,4704481
TIME,4705923
TIME,4502630
TIME,4513000
TIME,4534156
TIME,4535838
TIME,4551170
TIME,4556110
TIME,4570215
TIME,4572894
TIME,4579366
TIME,4589329
TIME,4595718
TIME,4601810
TIME,4612913
TIME,4623518
TIME,4632674
TIME,4642076
TIME,4657137
TIME,4661330
TIME,4670164
TIME,4678968
TIME,4689310
TIME,4699560
TIME,4712134
TIME,4723619
TIME,4726638
TIME,4740256
TIME,4742549
TIME,4760260
TIME,4760276
TIME,4769518
TIME,4780938
TIME,4788493
TIME,4795813
TIME,4807804
TIME,4822629
TIME,4832507
TIME,4628263
TIME,4629841
TIME,4652557
TIME,4655024
TIME,4666160
TIME,4671642
TIME,4685278
TIME,4695321
TIME,4701178
TIME,4703678
TIME,4713181
TIME,4722745
TIME,4728809
TIME,4747945
TIME,4751842
TIME,4763740
TIME,4776806
TIME,4780090
TIME,4795726
TIME,4797940
TIME,4814905
TIME,4823260
TIME,4825001
TIME,4842543
TIME,4844803
TIME,4860512
TIME,4868388
TIME,4878040
TIME,4879533
TIME,4893660
TIME,4905542
TIME,4908770
TIME,4922080
TIME,4932621
TIME,4941399
TIME,4943895
TIME,4717013
TIME,4732193
TIME,4740730
TIME,4747758
TIME,4762742
TIME,4769443
TIME,4773341
TIME,4782941
TIME,4792096
TIME,4799233
TIME,4807983
TIME,4815443
TIME,4818124
TIME,4830884
TIME,4837664
TIME,4847698
TIME,4855733
TIME,4869824
TIME,4871565
TIME,4889169
TIME,4897247
TIME,4906173
TIME,4908743
TIME,4924335
TIME,4931005
TIME,4943073
TIME,4945999
TIME,4959189
TIME,4962260
TIME,4976690
TIME,4979057
TIME,4992831
TIME,4996041
TIME,5012575
TIME,5025171
TIME,5031524
TIME,4868592
TIME,4887040
TIME,4899894
TIME,4906102
TIME,4916624
TIME,4929119
TIME,4933347
TIME,4943216
TIME,4946997
TIME,4958851
TIME,4966574
TIME,4971479
TIME,4980073
TIME,4998036
TIME,5016127
TIME,5021609
TIME,5036641
TIME,5042169
TIME,5051788
TIME,5059167
TIME,5074325
TIME,5081958
TIME,5092045
TIME,5100576
TIME,5108380
TIME,5117505
TIME,5131383
TIME,5140576
TIME,5144448
TIME,5161194
TIME,5166676
TIME,5180201
TIME,5189990
TIME,5197751
TIME,5201575
TIME,5213534
TIME,5023225
TIME,5036737
TIME,5044351
TIME,5061109
TIME,5070136
TIME,5077633
TIME,5082535
TIME,5096455
TIME,5099045
TIME,5114121
TIME,5117017
TIME,5118400
TIME,5127246
TIME,5142310
TIME,5151197
TIME,5162273
TIME,5170798
TIME,5178701
TIME,5183803
TIME,5196923
TIME,5199761
TIME,5215664
TIME,5217973
TIME,5228675
TIME,5239055
TIME,5247059
TIME,5255213
TIME,5269311
TIME,5273680
TIME,5288061
TIME,5291605
TIME,5304835
TIME,5309858
TIME,5317733
TIME,5337693
TIME,5347287
TIME,5131854
TIME,5148351
TIME,5155736
TIME,5159765
TIME,5171411
TIME,5177619
TIME,5186772
TIME,5193956
TIME,5203764
TIME,5212454
TIME,5222574
TIME,5223702
TIME,5237538
TIME,5254549
TIME,5269873
TIME,5277514
TIME,5278747
TIME,5291708
TIME,5299341
TIME,5309685
TIME,5323040
TIME,5325392
TIME,5341100
TIME,5341166
TIME,5353767
TIME,5367078
TIME,5374489
TIME,5384360
TIME,5387527
TIME,5405382
TIME,5417907
TIME,5427745
TIME,5430200
TIME,5444082
TIME,5449258
TIME,5462584
TIME,5231111
TIME,5238891
TIME,5245569
TIME,5257292
TIME,5265232
TIME,5275579
TIME,5289696
TIME,5292406
TIME,5301630
TIME,5312907
TIME,5322644
TIME,5324119
TIME,5330030
TIME,5341784
TIME,5349210
TIME,5361796
TIME,5377006
TIME,5380466
TIME,5384994
TIME,5399948
TIME,5410012
TIME,5418590
TIME,5419815
TIME,5438789
TIME,5444857
TIME,5453416
TIME,5454590
TIME,5469778
TIME,5480956
TIME,5482074
TIME,5486730
TIME,5496246
TIME,5510499
TIME,5517376
TIME,5522809
TIME,5537976
TIME,5376223
TIME,5395107
TIME,5408876
TIME,5421155
TIME,5426823
TIME,5434106
TIME,5443320
TIME,5450476
TIME,5458577
TIME,5475673
TIME,5484455
TIME,5485682
TIME,5495854
TIME,5511017
TIME,5516122
TIME,5526220
TIME,5534349
TIME,5541851
TIME,5554009
TIME,5571529
TIME,5573706
TIME,5587490
TIME,5591991
TIME,5599224
TIME,5614978
TIME,5618566
TIME,5632198
TIME,5636350
TIME,5649079
TIME,5660623
TIME,5671244
TIME,5675004
TIME,5683435
TIME,5697489
TIME,5705122
TIME,5715076
TIME,5463321
TIME,5476649
TIME,5483368
TIME,5489828
TIME,5497864
TIME,5507607
TIME,5516067
TIME,5527574
TIME,5537116
TIME,5545310
TIME,5554540
TIME,5559186
TIME,5572579
TIME,5580140
TIME,5585731
TIME,5597650
TIME,5602017
TIME,5611814
TIME,5617980
TIME,5626229
TIME,5644126
TIME,5644727
TIME,5663809
TIME,5665759
TIME,5678203
TIME,5688853
TIME,5695090
TIME,5707737
TIME,5710270
TIME,5724200
TIME,5726839
TIME,5737852
TIME,5747201
TIME,5756171
TIME,5768735
TIME,5791600
TIME,855625
TIME,870194
TIME,877803
TIME,891958
TIME,902069
TIME,924891
TIME,958037
TIME,974769
TIME,1026810
TIME,1071265
TIME,1072004
TIME,1072406
TIME,1073888
TIME,1075664
TIME,1077272
TIME,1078687
TIME,1078836
TIME,1081378
TIME,1081877
TIME,1084444
TIME,1085633
TIME,1086418
TIME,1088802
TIME,1090617
TIME,1091104
TIME,1094716
TIME,1100787
TIME,1109407
TIME,1126006
TIME,1133876
TIME,1146170
TIME,1151096
TIME,1160383
TIME,1171933
TIME,1186871
TIME,1194925
TIME,1032656
TIME,1039522
TIME,1041690
TIME,1058758
TIME,1063401
TIME,1069744
TIME,1085673
TIME,1091372
TIME,1106081
TIME,1109450
TIME,1110420
TIME,1110652
TIME,1118892
TIME,1119379
TIME,1123236
TIME,1123681
TIME,1129965
TIME,1135685
TIME,1142632
TIME,1153773
TIME,1166966
TIME,1176292
TIME,1181494
TIME,1199235
TIME,1201748
TIME,1215398
TIME,1223797
TIME,1231150
TIME,1245517
TIME,1255043
TIME,1258352
TIME,1268138
TIME,1277090
TIME,1287380
TIME,1300596
TIME,1309476
TIME,1152251
TIME,1157982
TIME,1185832
TIME,1199165
TIME,1207489
TIME,1217420
TIME,1225164
TIME,1227866
TIME,1234999
TIME,1243283
TIME,1246997
TIME,1261935
TIME,1271832
TIME,1275344
TIME,1286487
TIME,1300918
TIME,1312332
TIME,1323860
TIME,1334686
TIME,1346063
TIME,1352484
TIME,1367736
TIME,1370521
TIME,1385587
TIME,1395286
TIME,1397849
TIME,1412119
TIME,1420217
TIME,1422916
TIME,1431346
TIME,1442123
TIME,1456814
TIME,1459170
TIME,1469163
TIME,1478296
TIME,1486137
TIME,1312981
TIME,1320938
TIME,1322716
TIME,1333428
TIME,1340614
TIME,1349667
TIME,1364224
TIME,1368092
TIME,1382504
TIME,1384776
TIME,1392080
TIME,1395104
TIME,1404238
TIME,1414812
TIME,1425524
TIME,1439951
TIME,1447511
TIME,1453715
TIME,1463439
TIME,1467799
TIME,1474483
TIME,1488278
TIME,1497096
TIME,1506362
TIME,1513178
TIME,1519294
TIME,1533763
TIME,1535887
TIME,1549165
TIME,1560623
TIME,1564361
TIME,1579139
TIME,1580573
TIME,1591089
TIME,1606859
TIME,1448157
TIME,1615375
TIME,1458806
TIME,1477715
TIME,1492013
TIME,1515675
TIME,1518253
TIME,1534652
TIME,1537945
TIME,1552216
TIME,1557493
TIME,1560481
TIME,1574551
TIME,1577141
TIME,1588845
TIME,1604095
TIME,1612574
TIME,1627762
TIME,1639301
TIME,1650057
TIME,1655054
TIME,1668079
TIME,1675832
TIME,1678304
TIME,1686334
TIME,1700573
TIME,1702983
TIME,1711567
TIME,1721137
TIME,1732206
TIME,1752848
TIME,1754443
TIME,1768325
TIME,1772747
TIME,1782284
TIME,1795575
TIME,1799077
TIME,7247433
TIME,7250650
TIME,7263494
TIME,7267125
TIME,7279777
TIME,7286324
TIME,7299975
TIME,7303560
TIME,7311150
TIME,7324130
TIME,7326583
TIME,7337631
TIME,7346432
TIME,7358880
TIME,7365628
TIME,7370361
TIME,7383633
TIME,7391470
TIME,7406643
TIME,7413324
TIME,7417575
TIME,7431754
TIME,7437807
TIME,7443704
TIME,7461784
TIME,7462339
TIME,7470459
TIME,7480771
TIME,7488200
TIME,7499936
TIME,7511649
TIME,7516748
TIME,7531424
TIME,7538761
TIME,7549394
TIME,7556496
TIME,7560379
TIME,7346178
TIME,7352616
TIME,7381898
TIME,7399587
TIME,7405761
TIME,7417848
TIME,7426210
TIME,7435086
TIME,7450495
TIME,7464198
TIME,7473091
TIME,7475359
TIME,7485522
TIME,7501093
TIME,7513219
TIME,7525103
TIME,7534423
TIME,7543981
TIME,7547232
TIME,7557827
TIME,7567548
TIME,7580197
TIME,7592053
TIME,7606315
TIME,7607619
TIME,7618692
TIME,7628409
TIME,7642893
TIME,7650649
TIME,7655088
TIME,7673568
TIME,7679166
TIME,7692835
TIME,7703178
TIME,7706708
TIME,7720501
TIME,7732378
TIME,7565869
TIME,7573178
TIME,7596088
TIME,7599464
TIME,7605871
TIME,7618290
TIME,7629723
TIME,7632277
TIME,7650375
TIME,7652497
TIME,7661073
TIME,7663287
TIME,7671520
TIME,7687347
TIME,7695291
TIME,7700701
TIME,7708255
TIME,7715977
TIME,7725197
TIME,7734689
TIME,7748397
TIME,7751493
TIME,55347
TIME,7768291
TIME,71226
TIME,7793052
TIME,96617
TIME,7810008
TIME,113117
TIME,7831464
TIME,134337
TIME,7844137
TIME,146763
TIME,7860418
TIME,169172
TIME,7891424
TIME,200434
TIME,7915696
TIME,218485
TIME,7928972
TIME,231277
TIME,7950513
TIME,253529
TIME,7963556
TIME,266531
TIME,7987159
TIME,290050
TIME,8004061
TIME,311167
TIME,8032434
TIME,336982
TIME,8052952
TIME,355566
TIME,7868690
TIME,192765
TIME,7878444
TIME,202469
TIME,7908704
TIME,232641
TIME,7926099
TIME,250271
TIME,7946935
TIME,271404
TIME,7962002
TIME,286059
TIME,7981607
TIME,305096
TIME,8003741
TIME,327487
TIME,8019470
TIME,8023688
TIME,343717
TIME,350056
TIME,8050839
TIME,374477
TIME,8061103
TIME,384531
TIME,8076376
TIME,400577
TIME,8094723
TIME,418500
TIME,8115294
TIME,439357
TIME,8127035
TIME,452117
TIME,8150393
TIME,474064
TIME,8166593
TIME,490918
TIME,8188850
TIME,513307
TIME,8205472
TIME,530921
TIME,8217153
TIME,544477
TIME,8238815
TIME,563757
TIME,8264597
TIME,588714
TIME,8280894
TIME,605208
TIME,8296987
TIME,621264
TIME,8309731
TIME,633455
TIME,8331270
TIME,655362
TIME,8353395
TIME,679735
TIME,8382161
TIME,706198
TIME,8396467
TIME,720343
TIME,8418856
TIME,742157
TIME,8431354
TIME,757135
TIME,8454879
TIME,778378
TIME,8471044
TIME,795169
TIME,8489322
TIME,815320
TIME,8515238
TIME,839306
TIME,8530141
TIME,854478
TIME,8363009
TIME,660077
TIME,8382942
TIME,679361
TIME,8395017
TIME,690879
TIME,8414786
TIME,711186
TIME,8432693
TIME,730177
TIME,8444036
TIME,742970
TIME,8464433
TIME,760615
TIME,8479225
TIME,776015
TIME,8497665
TIME,794322
TIME,8508355
TIME,804965
TIME,8529978
TIME,826343
TIME,8539310
TIME,836315
TIME,8561893
TIME,858208
TIME,8572499
TIME,870288
TIME,8594875
TIME,891864
TIME,8613215
TIME,910341
TIME,8630155
TIME,927269
TIME,8643260
TIME,940173
TIME,8658915
TIME,956024
TIME,8681860
TIME,978890
TIME,8699436
TIME,995625
TIME,8717101
TIME,1014625
TIME,8728513
TIME,1025159
TIME,8745778
TIME,1041992
TIME,8767048
TIME,1063760
TIME,8781704
TIME,1078173
TIME,8794159
TIME,1090520
TIME,8811165
TIME,1124234
TIME,8853336
TIME,1153326
TIME,8882697
TIME,1185069
TIME,8939546
TIME,1274554
TIME,9037420
TIME,1336716
TIME,9049097
TIME,1339024
TIME,9052659
TIME,1342250
TIME,9055324
TIME,1345391
TIME,9057071
TIME,1347089
TIME,9060935
TIME,1351437
TIME,8877617
TIME,1157234
TIME,8882234
TIME,1162151
TIME,8886492
TIME,1168490
TIME,8899282
TIME,8906158
TIME,1185165
TIME,1192747
TIME,8935904
TIME,1222952
TIME,8949126
TIME,1235691
TIME,8973066
TIME,8976328
TIME,1258967
TIME,1263005
TIME,8999145
TIME,1286514
TIME,9011675
TIME,1299004
TIME,9030086
TIME,1316369
TIME,9052506
TIME,1339708
TIME,9069735
TIME,1357996
TIME,9096304
TIME,1384067
TIME,9109454
TIME,1395709
TIME,9131572
TIME,1417480
TIME,9147717
TIME,1434318
TIME,9159662
TIME,1446851
TIME,9176483
TIME,1463866
TIME,9194078
TIME,1480686
TIME,9211968
TIME,1497761
TIME,9229286
TIME,1515274
TIME,9250358
TIME,1536219
TIME,9260593
TIME,1547319
TIME,9284964
TIME,1571634
TIME,9304282
TIME,1590066
TIME,9325127
TIME,1615479
TIME,9350541
TIME,1638953
TIME,9368250
TIME,1654179
TIME,9378155
TIME,1664753
TIME,9401536
TIME,1687754
TIME,9413479
TIME,1700651
TIME,9430858
TIME,1718183
TIME,9465740
TIME,1753147
TIME,9490571
TIME,1777068
TIME,9510345
TIME,1798797
TIME,9351369
TIME,1555249
TIME,9384471
TIME,1582997
TIME,9390671
TIME,1590217
TIME,9411100
TIME,1612975
TIME,9422792
TIME,1625789
TIME,9446312
TIME,1649096
TIME,9473994
TIME,1677296
TIME,9492859
TIME,1691786
TIME,9503570
TIME,1699183
TIME,9511332
TIME,1712630
TIME,9529416
TIME,1732546
TIME,9547610
TIME,1749113
TIME,9557922
TIME,1759616
TIME,9575841
TIME,1777385
TIME,9601300
TIME,1802971
TIME,9613165
TIME,1814799
TIME,9635691
TIME,1837158
TIME,9652032
TIME,1853506
TIME,9662400
TIME,1864133
TIME,9685093
TIME,1886501
TIME,9704404
TIME,1905784
TIME,9713686
TIME,1915254
TIME,9734847
TIME,1936338
TIME,9752486
TIME,1953781
TIME,9769283
TIME,1970440
TIME,9785231
TIME,1986617
TIME,9803964
TIME,2015640
TIME,9835531
TIME,2042112
TIME,9858732
TIME,2060392
TIME,9882708
TIME,9902200
TIME,9902620
TIME,2095630
TIME,2096730
TIME,9904346
TIME,2097359
TIME,2102472
TIME,9913218
TIME,2116396
TIME,9927032
TIME,2128244
TIME,9955726
TIME,2163884
TIME,9974563
TIME,2176524
TIME,9816752
TIME,1977803
TIME,9837734
TIME,1997828
TIME,9855426
TIME,2016416
TIME,9877125
TIME,2036819
TIME,9894261
TIME,2054001
TIME,9910482
TIME,2069887
TIME,9931742
TIME,2082417
TIME,9937360
TIME,9937552
TIME,2088225
TIME,2097344
TIME,9960748
TIME,2121586
TIME,9974968
TIME,2134381
TIME,9998224
TIME,2157814
TIME,10013471
TIME,2172611
TIME,10031825
TIME,2191044
TIME,10053061
TIME,2212650
TIME,10071273
TIME,2230386
TIME,10088874
TIME,2248944
TIME,10102944
TIME,2263331
TIME,10125874
TIME,2284326
TIME,10134848
TIME,2295483
TIME,10156051
TIME,2315189
TIME,10180293
TIME,2338866
TIME,10188810
TIME,2347928
TIME,10209590
TIME,2368581
TIME,10230392
TIME,2389049
TIME,10246781
TIME,10253847
TIME,2405354
TIME,2412657
TIME,10271273
TIME,2430398
TIME,10292419
TIME,2455869
TIME,10317658
TIME,2482587
TIME,10341963
TIME,2508944
TIME,10372337
TIME,2530867
TIME,10395411
TIME,2554098
TIME,10413076
TIME,2572603
TIME,10431466
TIME,2595287
TIME,10456587
TIME,2618521
TIME,10474183
TIME,2633373
TIME,10304903
TIME,2494817
TIME,10329241
TIME,2520964
TIME,10347551
TIME,2536593
TIME,10364106
TIME,2553309
TIME,10380607
TIME,2590604
TIME,10427833
TIME,2616793
TIME,10449560
TIME,2638222
TIME,10460425
TIME,2649547
TIME,10481034
TIME,2670487
TIME,10497440
TIME,2686740
TIME,10506539
TIME,2696098
TIME,10518028
TIME,2707336
TIME,10540336
TIME,2729488
TIME,10555645
TIME,2744790
TIME,10567835
TIME,2758493
TIME,10586421
TIME,2777021
TIME,10611112
TIME,2801586
TIME,10626433
TIME,2818962
TIME,10656253
TIME,2846527
TIME,10667586
TIME,2858703
TIME,10691880
TIME,2881734
TIME,10709803
TIME,2900184
TIME,10734727
TIME,2925201
TIME,10754145
TIME,2944151
TIME,10766690
TIME,2957629
TIME,10792680
TIME,2987845
TIME,10812322
TIME,3002152
TIME,10839674
TIME,3029385
TIME,10862663
TIME,3051855
TIME,10881269
TIME,3070836
TIME,10896283
TIME,3085988
TIME,10915968
TIME,3106378
TIME,10929461
TIME,3125081
TIME,10962546
TIME,3154476
TIME,10982167
TIME,3172649
TIME,11005085
TIME,3194848
TIME,11022234
TIME,3211212
TIME,10848162
TIME,3089302
TIME,10870219
TIME,3111396
TIME,10880932
TIME,3125392
TIME,10901913
TIME,3143108
TIME,10922855
TIME,3164122
TIME,10939066
TIME,3180444
TIME,10948982
TIME,3190364
TIME,10979794
TIME,3221604
TIME,10991836
TIME,3232917
TIME,11008186
TIME,3249514
TIME,11023736
TIME,3264837
TIME,11035499
TIME,3276829
TIME,11054366
TIME,3295585
TIME,11070420
TIME,3314524
TIME,11091396
TIME,3332486
TIME,11112798
TIME,3354371
TIME,11131563
TIME,3372565
TIME,11141789
TIME,3384006
TIME,11162043
TIME,3403930
TIME,11181183
TIME,3422584
TIME,11199459
TIME,3440580
TIME,11221714
TIME,3462954
TIME,11232063
TIME,3474010
TIME,11259952
TIME,3501165
TIME,11271629
TIME,3519126
TIME,11297841
TIME,3546372
TIME,11324009
TIME,3564901
TIME,11345666
TIME,3586498
TIME,11363896
TIME,3604842
TIME,11374814
TIME,3616042
TIME,11396367
TIME,3637923
TIME,11414396
TIME,3662362
TIME,11436427
TIME,3678952
TIME,11455345
TIME,3696048
TIME,11473062
TIME,3715572
TIME,11493957
TIME,3735149
TIME,11507336
TIME,3749431
TIME,11318344
TIME,3602977
TIME,11342586
TIME,3627122
TIME,11359311
TIME,3644214
TIME,11379782
TIME,3664953
TIME,11403452
TIME,3688642
TIME,11422126
TIME,3706305
TIME,11439426
TIME,3723872
TIME,11455047
TIME,3739302
TIME,11472456
TIME,3756653
TIME,11488838
TIME,11493628
TIME,3773603
TIME,3778303
TIME,11518403
TIME,3802922
TIME,11529805
TIME,3815074
TIME,11553577
TIME,3838505
TIME,11567335
TIME,3851926
TIME,11585723
TIME,3870156
TIME,11609492
TIME,3895202
TIME,11620326
TIME,3906838
TIME,11640363
TIME,3924810
TIME,11658049
TIME,3943457
TIME,11680027
TIME,3964171
TIME,11702928
TIME,3986870
TIME,11715376
TIME,4000093
TIME,11739731
TIME,4035656
TIME,11775175
TIME,4080254
TIME,11845454
TIME,4178599
TIME,11931837
TIME,4209326
TIME,11933702
TIME,4211308
TIME,11936552
TIME,4214238
TIME,11940568
TIME,4218082
TIME,11942554
TIME,4220523
TIME,11945732
TIME,4224296
TIME,11951617
TIME,4229934
TIME,11957400
TIME,4239140
TIME,11970506
TIME,4255591
TIME,11988091
TIME,4273453
TIME,12002340
TIME,4287766
TIME,11809811
TIME,4147561
TIME,11822695
TIME,4161934
TIME,11855411
TIME,4193535
TIME,11866971
TIME,4204748
TIME,11884522
TIME,4223118
TIME,11902728
TIME,4240776
TIME,11925333
TIME,4264364
TIME,11944773
TIME,4283460
TIME,11957457
TIME,4296055
TIME,11975345
TIME,4313673
TIME,11991560
TIME,4329725
TIME,12004166
TIME,4341987
TIME,12021696
TIME,4359769
TIME,12043243
TIME,4381648
TIME,12061702
TIME,4399327
TIME,12073888
TIME,4411538
TIME,12093931
TIME,4432413
TIME,12116206
TIME,4453465
TIME,12134994
TIME,4474727
TIME,12146769
TIME,4485363
TIME,12165285
TIME,4503103
TIME,12187968
TIME,4525661
TIME,12199528
TIME,4544680
TIME,12233248
TIME,4579412
TIME,12260185
TIME,4597038
TIME,12272568
TIME,4610065
TIME,12288192
TIME,4625965
TIME,12311419
TIME,4648642
TIME,12326952
TIME,4664409
TIME,12338980
TIME,4681308
TIME,12370992
TIME,4710079
TIME,12383609
TIME,4720513
TIME,12402211
TIME,4739969
TIME,12420503
TIME,4757859
TIME,12436739
TIME,4774974
TIME,12456691
TIME,4795291
TIME,12475042
TIME,4812558
TIME,12306651
TIME,4672334
TIME,12331870
TIME,4699544
TIME,12351957
TIME,4717625
TIME,12376693
TIME,4742028
TIME,12390717
TIME,4755770
TIME,12413808
TIME,4778828
TIME,12432285
TIME,4797381
TIME,12444352
TIME,4810915
TIME,12461676
TIME,4827093
TIME,12472409
TIME,4838358
TIME,12490950
TIME,4856327
TIME,12514351
TIME,4879862
TIME,12531112
TIME,4896389
TIME,12543838
TIME,4909396
TIME,12563593
TIME,4928502
TIME,12579158
TIME,4946265
TIME,12598795
TIME,4963832
TIME,12614652
TIME,4979750
TIME,12638094
TIME,5002896
TIME,12654595
TIME,5019282
TIME,12670664
TIME,5036158
TIME,12684679
TIME,5053207
TIME,12716956
TIME,5087895
TIME,12741684
TIME,5106150
TIME,12759235
TIME,5123778
TIME,12770011
TIME,5135000
TIME,12785704
TIME,5152563
TIME,12810840
TIME,5176049
TIME,12822064
TIME,5187315
TIME,12852192
TIME,5219528
TIME,12869938
TIME,5235084
TIME,12887783
TIME,5252750
TIME,12905248
TIME,5269745
TIME,12920864
TIME,5286159
TIME,12938569
TIME,5303874
TIME,12962154
TIME,5327084
TIME,12979844
TIME,5344964
TIME,12820830
TIME,5201710
TIME,12842599
TIME,5223509
TIME,12858342
TIME,5239394
TIME,12876379
TIME,5258150
TIME,12891992
TIME,5272905
TIME,12908918
TIME,5290457
TIME,12935596
TIME,5317755
TIME,12948478
TIME,5329505
TIME,12971555
TIME,5352680
TIME,12983314
TIME,5364241
TIME,13004874
TIME,13010097
TIME,5386308
TIME,5391217
TIME,13034646
TIME,5415715
TIME,13050077
TIME,5432612
TIME,13063172
TIME,5444489
TIME,13086342
TIME,5467504
TIME,13100101
TIME,5481207
TIME,13121451
TIME,5503181
TIME,13133596
TIME,5514980
TIME,13151179
TIME,5532625
TIME,13172121
TIME,5553574
TIME,13194520
TIME,5584687
TIME,13227400
TIME,5614569
TIME,13246812
TIME,5628498
TIME,13263252
TIME,5645303
TIME,13287816
TIME,5669234
TIME,13306679
TIME,5688552
TIME,13321730
TIME,5702859
TIME,13349307
TIME,5731251
TIME,13371799
TIME,5753666
TIME,13391930
TIME,5772970
TIME,13410489
TIME,5791718
TIME,13421167
TIME,5802285
TIME,13436954
TIME,5818688
TIME,13464711
TIME,5845727
TIME,13480727
TIME,5862001
TIME,13496792
TIME,5879910
TIME,13329228
TIME,5751853
TIME,13348367
TIME,5770192
TIME,13363034
TIME,5784504
TIME,13381329
TIME,5802892
TIME,13408996
TIME,5833044
TIME,13429805
TIME,5851211
TIME,13450466
TIME,5871555
TIME,13460255
TIME,5881275
TIME,13483790
TIME,5906734
TIME,13499905
TIME,5921644
TIME,13513140
TIME,5934416
TIME,13527933
TIME,5949382
TIME,13541097
TIME,5963209
TIME,13562452
TIME,5983869
TIME,13573899
TIME,5995733
TIME,13597166
TIME,6019120
TIME,13612957
TIME,6034583
TIME,13623259
TIME,6044958
TIME,13643450
TIME,6064795
TIME,13658200
TIME,6080477
TIME,13679502
TIME,6109102
TIME,13707985
TIME,6134738
TIME,13736666
TIME,6158379
TIME,13754466
TIME,6175759
TIME,13769521
TIME,6190848
TIME,13785445
TIME,6206894
TIME,13802590
TIME,6223762
TIME,13819748
TIME,6246381
TIME,13844203
TIME,6268519
TIME,13865640
TIME,6286409
TIME,13877910
TIME,6301216
TIME,13897560
TIME,6319148
TIME,13914464
TIME,6335455
TIME,13925862
TIME,6346936
TIME,13949026
TIME,6370448
TIME,13963642
TIME,6385991
TIME,13983677
TIME,6407580
TIME,13814862
TIME,6244004
TIME,13837903
TIME,6267785
TIME,13847541
TIME,6277196
TIME,13866606
TIME,6295865
TIME,13884183
TIME,6314423
TIME,13903726
TIME,6333637
TIME,13930436
TIME,6359880
TIME,13941877
TIME,6370770
TIME,13964197
TIME,6394368
TIME,13980932
TIME,13988577
TIME,6409762
TIME,6417871
TIME,14011590
TIME,6440993
TIME,14027336
TIME,6456796
TIME,14040457
TIME,6470631
TIME,14063796
TIME,6493496
TIME,14076703
TIME,6507237
TIME,14099154
TIME,6531009
TIME,14112205
TIME,6541759
TIME,14132402
TIME,6561882
TIME,14155907
TIME,6589917
TIME,14181711
TIME,6612393
TIME,14196852
TIME,6630313
TIME,14219942
TIME,6649479
TIME,14242189
TIME,6671463
TIME,14253733
TIME,6684081
TIME,14270725
TIME,6700396
TIME,14292459
TIME,6721911
TIME,14317661
TIME,6750092
TIME,14336662
TIME,6766615
TIME,14363244
TIME,6794614
TIME,14382803
TIME,6812602
TIME,14405204
TIME,6834742
TIME,14415689
TIME,6845459
TIME,14433440
TIME,6863409
TIME,14457155
TIME,6886933
TIME,14468633
TIME,6900151
TIME,14488394
TIME,6918534
TIME,14254644
TIME,6793105
TIME,14282990
TIME,6821730
TIME,14297996
TIME,6835735
TIME,14313311
TIME,6850785
TIME,14337629
TIME,14344307
TIME,6876614
TIME,6881867
TIME,14372505
TIME,6911795
TIME,14390584
TIME,6928678
TIME,14405066
TIME,6943330
TIME,14415428
TIME,6953302
TIME,14437503
TIME,6976576
TIME,14449877
TIME,6987595
TIME,14467074
TIME,7006488
TIME,14493690
TIME,7031300
TIME,14506122
TIME,7044897
TIME,14527293
TIME,7066370
TIME,14550000
TIME,7087967
TIME,14569872
TIME,7115816
TIME,14611833
TIME,7193402
TIME,14732114
TIME,7283892
TIME,14755482
TIME,7285969
TIME,14759057
TIME,7289628
TIME,14762555
TIME,7293173
TIME,14764163
TIME,7294828
TIME,14767223
TIME,7298092
TIME,14771232
TIME,7302505
TIME,14774946
TIME,7306126
TIME,14782587
TIME,7319957
TIME,14800126
TIME,7338350
TIME,14822575
TIME,7360951
TIME,14837038
TIME,7374431
TIME,14858022
TIME,7395210
TIME,14866667
TIME,7404917
TIME,14889138
TIME,7425932
TIME,14912422
TIME,7448682
TIME,14922209
TIME,7459316
TIME,14943350
TIME,7482322
TIME,14741051
TIME,7345093
TIME,14757075
TIME,7361347
TIME,14776585
TIME,7380464
TIME,14788644
TIME,7392729
TIME,14806738
TIME,7410758
TIME,14829140
TIME,7433395
TIME,14845005
TIME,7449011
TIME,14861433
TIME,7465820
TIME,14873360
TIME,7477174
TIME,14889135
TIME,7492681
TIME,14903956
TIME,7508238
TIME,14924008
TIME,7528259
TIME,14942211
TIME,7546458
TIME,14952363
TIME,7557232
TIME,14969525
TIME,7573973
TIME,14989780
TIME,7594147
TIME,15008940
TIME,7612840
TIME,15026012
TIME,7630595
TIME,15044596
TIME,7654233
TIME,15072284
TIME,7680974
TIME,15088788
TIME,7693639
TIME,59409
TIME,15118270
TIME,7724777
TIME,90740
TIME,15151500
TIME,7755997
TIME,121839
TIME,15174429
TIME,7779171
TIME,151527
TIME,15206979
TIME,7811151
TIME,176298
TIME,15230758
TIME,7835323
TIME,200477
TIME,15253557
TIME,7857904
TIME,223654
TIME,15284552
TIME,7889189
TIME,255227
TIME,15310608
TIME,7914506
TIME,281661
TIME,15329234
TIME,7933532
TIME,299289
TIME,15356329
TIME,7960178
TIME,326111
TIME,15387974
TIME,7991817
TIME,357397
TIME,15407115
TIME,8010987
TIME,377065
TIME,15437479
TIME,8042592
TIME,408734
TIME,15457519
TIME,8062704
TIME,429596
TIME,15489444
TIME,8093951
TIME,460204
TIME,15518399
TIME,8124894
TIME,15342102
TIME,491659
TIME,7880923
TIME,305561
TIME,15374303
TIME,7912105
TIME,336337
TIME,15402767
TIME,7940267
TIME,365057
TIME,15427268
TIME,7965401
TIME,390114
TIME,15458163
TIME,7994774
TIME,419441
TIME,15483795
TIME,8021001
TIME,445307
TIME,15504776
TIME,8045463
TIME,477950
TIME,15552733
TIME,8092202
TIME,516693
TIME,15579269
TIME,8115999
TIME,539932
TIME,15599750
TIME,8136908
TIME,561024
TIME,15627982
TIME,8164862
TIME,588661
TIME,15645575
TIME,8182175
TIME,611278
TIME,15669269
TIME,8211400
TIME,636975
TIME,15700424
TIME,8239307
TIME,663398
TIME,15732160
TIME,8270669
TIME,694683
TIME,15754068
TIME,8291058
TIME,714709
TIME,15787219
TIME,8323800
TIME,749296
TIME,15813431
TIME,8349899
TIME,775789
TIME,15838501
TIME,8376088
TIME,800110
TIME,15862175
TIME,8399347
TIME,823229
TIME,15891095
TIME,8427921
TIME,852317
TIME,15911500
TIME,8447905
TIME,872754
TIME,15940911
TIME,8478017
TIME,902041
TIME,15959806
TIME,8496790
TIME,920837
TIME,15986646
TIME,8523425
TIME,947673
TIME,16016220
TIME,8552858
TIME,976933
TIME,16036590
TIME,8573959
TIME,998447
TIME,16060969
TIME,8597979
TIME,1022323
TIME,16086419
TIME,8623238
TIME,1047023
TIME,16109502
TIME,8647971
TIME,1072140
TIME,16133011
TIME,8670094
TIME,1094052
TIME,16163246
TIME,8700009
TIME,1124168
TIME,16194380
TIME,8726062
TIME,1152891
TIME,16217238
TIME,8758045
TIME,1182534
TIME,16245853
TIME,8782743
TIME,1206802
TIME,16269937
TIME,8806940
TIME,1230943
TIME,16298351
TIME,8835785
TIME,1260369
TIME,16112463
TIME,8686196
TIME,1036607
TIME,16156781
TIME,8725821
TIME,1073875
TIME,16177858
TIME,8746722
TIME,1092648
TIME,16197871
TIME,8768015
TIME,1114264
TIME,16225376
TIME,8795061
TIME,1140675
TIME,16257852
TIME,8827307
TIME,1174146
TIME,16279339
TIME,8851611
TIME,1199212
TIME,16314307
TIME,8884190
TIME,1232371
TIME,16339272
TIME,8908761
TIME,1255480
TIME,16364518
TIME,8933936
TIME,1279983
TIME,16391802
TIME,8960964
TIME,1307607
TIME,16410009
TIME,8980387
TIME,1326453
TIME,16442574
TIME,9012723
TIME,1359497
TIME,16463448
TIME,9033321
TIME,1380063
TIME,16491279
TIME,9060944
TIME,1407577
TIME,16522679
TIME,9118421
TIME,1465169
TIME,16571440
TIME,9140285
TIME,1486348
TIME,16596790
TIME,9166794
TIME,1513560
TIME,16618490
TIME,9188266
TIME,1535634
TIME,16649358
TIME,9227935
TIME,1581273
TIME,16698184
TIME,9268258
TIME,1614906
TIME,16719104
TIME,9288681
TIME,1634878
TIME,16745042
TIME,9315366
TIME,1661144
TIME,16771405
TIME,9341375
TIME,1687599
TIME,16811682
TIME,9384690
TIME,1731477
TIME,16844529
TIME,9416122
TIME,1763681
TIME,16874221
TIME,9443575
TIME,1789830
TIME,16898253
TIME,9467658
TIME,1813509
TIME,16924217
TIME,9493739
TIME,1842037
TIME,16953648
TIME,9525300
TIME,1873732
TIME,16980847
TIME,9550482
TIME,1896541
TIME,17011221
TIME,9580168
TIME,1926885
TIME,17036478
TIME,9606527
TIME,1953112
TIME,17060356
TIME,9628611
TIME,1973599
TIME,17090690
TIME,9659908
TIME,2005387
TIME,17108464
TIME,9677691
TIME,2024108
TIME,17137653
TIME,9707022
TIME,2052951
TIME,16961097
TIME,9575148
TIME,16977134
TIME,1911547
TIME,9590043
TIME,1927878
TIME,17011519
TIME,9624938
TIME,1960690
TIME,17033691
TIME,9646820
TIME,1982488
TIME,17064056
TIME,9676930
TIME,2019018
TIME,17088426
TIME,9701515
TIME,2037354
TIME,17117901
TIME,9738730
TIME,2076200
TIME,17155114
TIME,17168786
TIME,9773894
TIME,2104857
TIME,9777777
TIME,2105776
TIME,17184672
TIME,9798373
TIME,2134288
TIME,17215406
TIME,9829315
TIME,2165517
TIME,17234755
TIME,9848258
TIME,2184585
TIME,17258856
TIME,9877256
TIME,2217163
TIME,17298989
TIME,9911548
TIME,2247428
TIME,17323493
TIME,9936656
TIME,2271973
TIME,17346287
TIME,9959914
TIME,2295769
TIME,17365706
TIME,9979041
TIME,2316691
TIME,17396223
TIME,10010414
TIME,2346460
TIME,17417718
TIME,10032793
TIME,2369636
TIME,17446590
TIME,10061397
TIME,2398166
TIME,17468879
TIME,10082226
TIME,2418285
TIME,17499130
TIME,10112591
TIME,2449343
TIME,17526292
TIME,10139766
TIME,2476405
TIME,17551433
TIME,10164690
TIME,2500940
TIME,17568712
TIME,10183814
TIME,2520755
TIME,17604206
TIME,10217567
TIME,2555683
TIME,17625616
TIME,10239282
TIME,2575684
TIME,17655066
TIME,10268898
TIME,2605057
TIME,17674253
TIME,10288001
TIME,2623744
TIME,17698504
TIME,10312434
TIME,2648800
TIME,17729585
TIME,10343214
TIME,2679526
TIME,17766956
TIME,10382212
TIME,2727302
TIME,17824796
TIME,10532560
TIME,2871056
TIME,17938775
TIME,10545142
TIME,2874414
TIME,17942789
TIME,10549224
TIME,2878605
TIME,17946638
TIME,10553166
TIME,2882486
TIME,17952068
TIME,10558645
TIME,17755172
TIME,2887815
TIME,10411176
TIME,2729991
TIME,17761599
TIME,10421992
TIME,2747514
TIME,17797937
TIME,10461180
TIME,2787137
TIME,17820001
TIME,10483171
TIME,2808203
TIME,17843065
TIME,10505814
TIME,2831101
TIME,17872761
TIME,10535042
TIME,2860127
TIME,17900792
TIME,10563345
TIME,2888559
TIME,17927100
TIME,10589027
TIME,2914288
TIME,17951264
TIME,10613936
TIME,2938826
TIME,17977835
TIME,10640203
TIME,2965567
TIME,18003739
TIME,10666205
TIME,2991476
TIME,18034154
TIME,10696027
TIME,3021341
TIME,18053919
TIME,10716602
TIME,3042406
TIME,18074207
TIME,10737319
TIME,3062449
TIME,18105702
TIME,10768531
TIME,3093190
TIME,18124387
TIME,10787583
TIME,3112570
TIME,18150325
TIME,10812964
TIME,3138336
TIME,18182000
TIME,10844476
TIME,3169464
TIME,18204998
TIME,10867504
TIME,3194010
TIME,18234937
TIME,10897084
TIME,3222458
TIME,18264830
TIME,10929362
TIME,3258907
TIME,18299393
TIME,10962211
TIME,3287081
TIME,18331061
TIME,10993880
TIME,3318657
TIME,18357189
TIME,11020490
TIME,3345420
TIME,18376512
TIME,11038826
TIME,3363588
TIME,18413524
TIME,11075811
TIME,3402498
TIME,18441988
TIME,11103961
TIME,3430203
TIME,18463963
TIME,11126066
TIME,3450384
TIME,18490217
TIME,11152774
TIME,3477373
TIME,18515392
TIME,11177384
TIME,3502392
TIME,18541259
TIME,11203181
TIME,3527816
TIME,18560906
TIME,11222535
TIME,3547803
TIME,18592993
TIME,11255358
TIME,3581825
TIME,18618413
TIME,11280588
TIME,3605258
TIME,18638056
TIME,11300374
TIME,3625523
TIME,18661962
TIME,11324361
TIME,3649014
TIME,18692405
TIME,11354693
TIME,3679040
TIME,18474021
TIME,11174033
TIME,3531440
TIME,18495969
TIME,11196111
TIME,3553791
TIME,18519154
TIME,11219499
TIME,3577268
TIME,18549138
TIME,11249430
TIME,3606851
TIME,18574133
TIME,11274364
TIME,3631962
TIME,18598472
TIME,11298642
TIME,3656595
TIME,18625343
TIME,11327477
TIME,3685316
TIME,18651301
TIME,11351461
TIME,3708973
TIME,18670606
TIME,11370864
TIME,3735933
TIME,18710391
TIME,11418055
TIME,3775875
TIME,18737446
TIME,11436938
TIME,3796180
TIME,18757645
TIME,11457847
TIME,3816439
TIME,18787910
TIME,11487830
TIME,3845510
TIME,18811639
TIME,11511619
TIME,3876987
TIME,18845994
TIME,11546289
TIME,3905926
TIME,18868211
TIME,11570389
TIME,3927993
TIME,18897139
TIME,11597748
TIME,3956056
TIME,18924982
TIME,11625027
TIME,3983611
TIME,18949347
TIME,11650818
TIME,4008734
TIME,18969193
TIME,11669439
TIME,4029358
TIME,19001242
TIME,11701277
TIME,4059380
TIME,19018941
TIME,11719526
TIME,4077540
TIME,19044220
TIME,11744559
TIME,4101902
TIME,19068779
TIME,11769326
TIME,4127128
TIME,19101715
TIME,11802020
TIME,4159402
TIME,19127611
TIME,11827672
TIME,4185116
TIME,19145207
TIME,11846980
TIME,4204378
TIME,19173505
TIME,11873422
TIME,4231340
TIME,19196984
TIME,11896883
TIME,4254432
TIME,19222236
TIME,11923126
TIME,4281133
TIME,19247590
TIME,11947357
TIME,4305331
TIME,19273273
TIME,11973462
TIME,4331465
TIME,19294679
TIME,11994939
TIME,4352540
TIME,19319367
TIME,12019532
TIME,4378382
TIME,19361783
TIME,12067993
TIME,4429977
TIME,19392260
TIME,12093274
TIME,4451172
TIME,19424236
TIME,12124705
TIME,4482606
TIME,19240357
TIME,11965296
TIME,4326249
TIME,19266906
TIME,11992562
TIME,4360081
TIME,19303313
TIME,12030232
TIME,4391383
TIME,19332614
TIME,12059443
TIME,4419844
TIME,19352884
TIME,12079791
TIME,4440790
TIME,19386282
TIME,12110563
TIME,4472056
TIME,19406417
TIME,12132207
TIME,4493097
TIME,19437108
TIME,12161902
TIME,4524782
TIME,19458319
TIME,12183201
TIME,4544465
TIME,19475636
TIME,12201370
TIME,4561724
TIME,19501350
TIME,12226210
TIME,4587235
TIME,19534027
TIME,12258899
TIME,4619809
TIME,19555014
TIME,12280228
TIME,4641702
TIME,19582926
TIME,12307775
TIME,4668770
TIME,19610762
TIME,12335445
TIME,19624954
TIME,4696081
TIME,12349544
TIME,4710447
TIME,19650514
TIME,12375117
TIME,4736185
TIME,19678923
TIME,12403604
TIME,4764285
TIME,19702179
TIME,12426569
TIME,4787624
TIME,19722770
TIME,12448796
TIME,4811035
TIME,19757694
TIME,12482711
TIME,4843509
TIME,19775737
TIME,12500283
TIME,4861458
TIME,19798561
TIME,12523482
TIME,4891237
TIME,19837616
TIME,12569935
TIME,4930674
TIME,19862724
TIME,12587323
TIME,4948219
TIME,19887046
TIME,12612614
TIME,4973151
TIME,19910203
TIME,12634772
TIME,4996027
TIME,19935334
TIME,12667674
TIME,5033947
TIME,19971686
TIME,12699179
TIME,5060049
TIME,20010150
TIME,12734681
TIME,5095537
TIME,20031019
TIME,12757106
TIME,5117685
TIME,20060174
TIME,12785410
TIME,5146300
TIME,20085417
TIME,12810425
TIME,5171286
TIME,20110960
TIME,12835964
TIME,5199537
TIME,20138094
TIME,12862826
TIME,5225278
TIME,20158227
TIME,12883416
TIME,5243803
TIME,20182780
TIME,12907624
TIME,5268358
TIME,12736548
TIME,5123078
TIME,12754079
TIME,5140763
TIME,12770561
TIME,5157233
TIME,12790849
TIME,5177689
TIME,12805414
TIME,5191815
TIME,12828872
TIME,5215114
TIME,12845176
TIME,5231398
TIME,12855381
TIME,5241774
TIME,12873915
TIME,5260568
TIME,12895955
TIME,5282639
TIME,12910240
TIME,5297232
TIME,12921725
TIME,5308840
TIME,12938800
TIME,5325866
TIME,12962286
TIME,5349161
TIME,12979552
TIME,5366572
TIME,12998136
TIME,5384071
TIME,13015172
TIME,5405182
TIME,13049149
TIME,5435759
TIME,13061185
TIME,5447829
TIME,13085955
TIME,5473769
TIME,13105403
TIME,5491788
TIME,13116963
TIME,5504354
TIME,13144216
TIME,5534830
TIME,13172158
TIME,5560458
TIME,13185472
TIME,5573380
TIME,13203472
TIME,5589861
TIME,13218540
TIME,5604889
TIME,13235476
TIME,5621839
TIME,13257501
TIME,5643939
TIME,13270063
TIME,5655979
TIME,13289954
TIME,5678790
TIME,13305615
TIME,5691983
TIME,13323295
TIME,5709470
TIME,13342234
TIME,5728038
TIME,13364287
TIME,5752315
TIME,13386720
TIME,5774070
TIME,13237176
TIME,5617745
TIME,13250571
TIME,13256598
TIME,5633965
TIME,5640466
TIME,13289025
TIME,5670071
TIME,13302654
TIME,5685061
TIME,13316981
TIME,5700463
TIME,13343489
TIME,5725042
TIME,13352351
TIME,5727105
TIME,13364330
TIME,5746532
TIME,13377839
TIME,5760614
TIME,13392452
TIME,5777537
TIME,13412941
TIME,5787531
TIME,13425863
TIME,5807097
TIME,13442817
TIME,5824228
TIME,13456601
TIME,5849056
TIME,13480905
TIME,5866733
TIME,13528808
TIME,5948887
TIME,13632891
TIME,6017178
TIME,13644888
TIME,6019319
TIME,13647545
TIME,6022283
TIME,13651071
TIME,6025745
TIME,13653792
TIME,6028581
TIME,13655903
TIME,6030666
TIME,13661332
TIME,6036283
TIME,13663469
TIME,6039021
TIME,13671268
TIME,6055411
TIME,13691091
TIME,6076496
TIME,13713632
TIME,6097181
TIME,13738684
TIME,6121286
TIME,13760359
TIME,6143734
TIME,13773280
TIME,6156801
TIME,13794346
TIME,6176368
TIME,13811461
TIME,6195786
TIME,13832170
TIME,6214419
TIME,13854124
TIME,6235670
TIME,13870854
TIME,13704101
TIME,6255790
TIME,13706150
TIME,6087113
TIME,6093184
TIME,13719572
TIME,6108217
TIME,13735239
TIME,6123938
TIME,13752972
TIME,6141943
TIME,13770966
TIME,6160370
TIME,13787108
TIME,6175793
TIME,13797882
TIME,6186881
TIME,13813419
TIME,6203539
TIME,13831817
TIME,6222499
TIME,13846060
TIME,6237206
TIME,13870550
TIME,6260939
TIME,13888725
TIME,6278473
TIME,13900360
TIME,6290192
TIME,13919709
TIME,6309481
TIME,13937498
TIME,6328437
TIME,13954396
TIME,6343710
TIME,13971418
TIME,6361170
TIME,13991240
TIME,6390523
TIME,14020952
TIME,6414953
TIME,14043280
TIME,6432608
TIME,14066199
TIME,6455546
TIME,14077355
TIME,6466947
TIME,14101178
TIME,6490698
TIME,14120275
TIME,6509514
TIME,14130989
TIME,6525140
TIME,14163786
TIME,6554705
TIME,14184348
TIME,6584928
TIME,14208982
TIME,6604948
TIME,14238663
TIME,6630888
TIME,14266794
TIME,6659333
TIME,14299016
TIME,6691977
TIME,14318442
TIME,6711955
TIME,14345186
TIME,6726149
TIME,14349358
TIME,6741379
TIME,14374670
TIME,6768196
TIME,14232036
TIME,6654644
TIME,14261852
TIME,14271105
TIME,6681842
TIME,6688252
TIME,14292901
TIME,6701959
TIME,14297272
TIME,6706330
TIME,14305021
TIME,6714078
TIME,14306502
TIME,14308129
TIME,6717187
TIME,6720400
TIME,14317967
TIME,6731982
TIME,14328007
TIME,6737066
TIME,14329452
TIME,14330260
TIME,14339573
TIME,6748633
TIME,6748915
TIME,6752508
TIME,14345604
TIME,6754663
