TIME,42475.93701171875
TIME,47403.27000427246
TIME,46894.927001953125
TIME,52811.59700012207
TIME,42822.55700683594
TIME,51861.58299255371
TIME,47172.54901123047
TIME,55289.398010253906
TIME,41295.63999938965
TIME,52758.7559967041
TIME,45886.03300476074
TIME,54807.636001586914
TIME,46878.25799560547
TIME,49396.649993896484
TIME,41335.981994628906
TIME,50267.73399353027
TIME,42335.795989990234
TIME,56686.405990600586
TIME,46115.363998413086
TIME,38420.17500305176
TIME,31675.4229888916
TIME,36310.02600097656
TIME,39285.4700012207
TIME,39614.74299621582
TIME,39300.761001586914
TIME,42233.00500488281
TIME,39478.43199157715
TIME,38518.787994384766
TIME,44808.857009887695
TIME,45994.641998291016
TIME,43837.5719909668
TIME,47819.43299865723
TIME,47938.54299926758
TIME,43918.773986816406
TIME,40376.57598876953
TIME,38481.66600036621
TIME,38637.767990112305
TIME,42568.79600524902
TIME,46839.697006225586
TIME,45120.5479888916
TIME,49081.02799987793
TIME,45680.981994628906
TIME,46973.13800048828
TIME,45794.572998046875
TIME,47747.2619934082
TIME,44749.9280090332
TIME,47833.69300842285
TIME,45940.99299621582
TIME,45908.934005737305
TIME,37365.45100402832
TIME,48327.42500305176
TIME,49532.32099914551
TIME,36056.67498779297
TIME,46719.84700012207
TIME,39585.72099304199
TIME,44768.56799316406
TIME,38163.496002197266
TIME,55139.16700744629
TIME,98733.6190032959
TIME,141790.12800598145
TIME,121318.92900085449
TIME,70331.84100341797
TIME,92403.66799926758
TIME,46522.16600036621
TIME,41600.49299621582
TIME,48559.91600036621
TIME,39174.86099243164
TIME,50611.39700317383
TIME,39173.2200012207
TIME,42277.71501159668
TIME,42440.625
TIME,40182.22499084473
TIME,39319.77099609375
TIME,39289.09001159668
TIME,39510.47200012207
TIME,42267.85501098633
TIME,39698.023010253906
TIME,38288.74598693848
TIME,48662.79600524902
TIME,47209.289001464844
TIME,45856.351989746094
TIME,43946.934005737305
TIME,47927.3330078125
TIME,45403.711990356445
TIME,37669.774002075195
TIME,42647.3869934082
TIME,42446.516998291016
TIME,44869.23699951172
TIME,48596.52600097656
TIME,45891.01300048828
TIME,43286.74899291992
TIME,47386.509994506836
TIME,48890.54699707031
TIME,43972.48400878906
TIME,47794.06199645996
TIME,44814.037994384766
TIME,47828.37300109863
TIME,45735.90100097656
TIME,44456.18600463867
TIME,37427.54299926758
TIME,49174.648986816406
TIME,49324.80000305176
TIME,36431.45700073242
TIME,46793.608001708984
TIME,35015.18998718262
TIME,46692.66700744629
TIME,38556.02699279785
TIME,46715.78700256348
TIME,38503.77699279785
TIME,45779.233001708984
TIME,42021.2440032959
TIME,49972.53300476074
TIME,39118.92999267578
TIME,50045.9520111084
TIME,38767.59899902344
TIME,45626.56199645996
TIME,43404.56199645996
TIME,47960.93299865723
TIME,41058.54998779297
TIME,39893.184005737305
TIME,37649.231994628906
TIME,36520.93699645996
TIME,37183.56100463867
TIME,37353.06098937988
TIME,37442.983001708984
TIME,40544.00700378418
TIME,42793.7380065918
TIME,41732.70300292969
TIME,46803.6669921875
TIME,47273.690002441406
TIME,54009.74198913574
TIME,45125.88999938965
TIME,45815.913009643555
TIME,49210.26899719238
TIME,40602.82699584961
TIME,38466.155990600586
TIME,40441.81700134277
TIME,48060.774002075195
TIME,48908.447006225586
TIME,47905.61199951172
TIME,38982.45999145508
TIME,44051.253997802734
TIME,44789.56800842285
TIME,49647.4109954834
TIME,47788.25199890137
TIME,44085.07499694824
TIME,47624.63200378418
TIME,45078.34799194336
TIME,45945.0830078125
TIME,36831.56900024414
TIME,43861.63299560547
TIME,44299.434997558594
TIME,36409.135986328125
TIME,42708.218002319336
TIME,34503.38800048828
TIME,47255.20999145508
TIME,38135.61599731445
TIME,60477.64399719238
TIME,115229.54901123047
TIME,133346.80700683594
TIME,113893.43299865723
TIME,62765.07499694824
TIME,85025.88299560547
TIME,49177.1190032959
TIME,43578.03201293945
TIME,44341.996002197266
TIME,42514.06799316406
TIME,52516.50498962402
TIME,40579.975997924805
TIME,43080.558990478516
TIME,33477.75199890137
TIME,38162.71499633789
TIME,40799.33799743652
TIME,41485.08200073242
TIME,41798.01300048828
TIME,38581.80799865723
TIME,40391.246994018555
TIME,40698.84800720215
TIME,47192.37901306152
TIME,46934.6780090332
TIME,41965.68501281738
TIME,46942.037994384766
TIME,47800.7919921875
TIME,45875.162994384766
TIME,42521.05599975586
TIME,40548.406005859375
TIME,38540.607009887695
TIME,44376.67500305176
TIME,44413.524993896484
TIME,49085.52799987793
TIME,41274.20199584961
TIME,44222.30400085449
TIME,44131.794006347656
TIME,47885.822998046875
TIME,45939.2919921875
TIME,47682.052001953125
TIME,47899.31300354004
TIME,44977.2200012207
TIME,49892.983001708984
TIME,37247.40100097656
TIME,55033.95698547363
TIME,55206.39799499512
TIME,39255.38999938965
TIME,48669.80599975586
TIME,34511.34800720215
TIME,48747.23699951172
TIME,40344.26599121094
TIME,48816.475997924805
TIME,39436.2619934082
TIME,49804.04200744629
TIME,39586.83200073242
TIME,50005.37300109863
TIME,38585.04600524902
TIME,47697.141998291016
TIME,42947.789001464844
TIME,44376.815994262695
TIME,43510.79000854492
TIME,48486.96600341797
TIME,40821.266998291016
TIME,39020.5299987793
TIME,37378.122009277344
TIME,36684.808990478516
TIME,40591.46798706055
TIME,42416.48599243164
TIME,41456.89099121094
TIME,40626.5059967041
TIME,42000.08399963379
TIME,41372.20999145508
TIME,46989.42900085449
TIME,46117.503997802734
TIME,40013.01499938965
TIME,42806.82800292969
TIME,47819.35299682617
TIME,49969.843002319336
TIME,40415.934997558594
TIME,40407.12699890137
TIME,38701.608001708984
TIME,45738.351989746094
TIME,47075.93899536133
TIME,45268.63999938965
TIME,38801.63899230957
TIME,43749.43199157715
TIME,49008.4880065918
TIME,45892.031997680664
TIME,47552.90200805664
TIME,45291.7799987793
TIME,49331.01899719238
TIME,46886.02799987793
TIME,48060.13400268555
TIME,35437.41200256348
TIME,48066.301986694336
TIME,51945.86199951172
TIME,45254.13999938965
TIME,49503.57099914551
TIME,39440.851989746094
TIME,48859.518005371094
TIME,47258.510009765625
TIME,84447.08000183105
TIME,125365.18899536133
TIME,149170.7850036621
TIME,127288.5179901123
TIME,76084.44900512695
TIME,99396.02200317383
TIME,50046.212005615234
TIME,40080.875
TIME,47691.371994018555
TIME,39230.89100646973
TIME,47809.621994018555
TIME,42650.627990722656
TIME,53485.51899719238
TIME,40872.65899658203
TIME,40899.25799560547
TIME,38504.705993652344
TIME,42653.6369934082
TIME,43759.19300842285
TIME,42909.899002075195
TIME,40568.406997680664
TIME,39806.101989746094
TIME,46812.55699157715
TIME,46323.03399658203
TIME,41852.69299316406
TIME,46817.69599914551
TIME,47906.502990722656
TIME,45912.79299926758
TIME,41938.22399902344
TIME,40663.61698913574
TIME,38623.48699951172
TIME,45701.11100769043
TIME,44998.04800415039
TIME,49469.27099609375
TIME,42679.747009277344
TIME,46164.44500732422
TIME,46533.46701049805
TIME,45914.802993774414
TIME,45919.302001953125
TIME,47773.06100463867
TIME,45992.60400390625
TIME,49006.06799316406
TIME,49872.2020111084
TIME,36581.13800048828
TIME,45983.072998046875
TIME,51436.62998962402
TIME,38324.03698730469
TIME,44746.00700378418
TIME,36030.315002441406
TIME,45537.80000305176
TIME,42402.156997680664
TIME,44171.35400390625
TIME,41713.66200256348
TIME,49785.6720123291
TIME,41518.88200378418
TIME,47871.97299194336
TIME,40210.00601196289
TIME,46904.018005371094
TIME,39292.58898925781
TIME,44875.906997680664
TIME,43196.830001831055
TIME,48331.2140045166
TIME,42184.17399597168
TIME,41406.63198852539
TIME,33854.71600341797
TIME,42792.197998046875
TIME,37777.9940032959
TIME,38538.42599487305
TIME,43411.91000366211
TIME,40488.226989746094
TIME,43010.77000427246
TIME,38828.09899902344
TIME,44140.294998168945
TIME,44160.274002075195
TIME,39681.16200256348
TIME,44070.03399658203
TIME,45766.211990356445
TIME,47202.08999633789
TIME,42697.61698913574
TIME,40502.95700073242
TIME,34760.75900268555
TIME,43836.572998046875
TIME,44815.927001953125
TIME,49286.56999206543
TIME,41880.95300292969
TIME,40283.48600769043
TIME,46420.27600097656
TIME,45680.371994018555
TIME,48581.53601074219
TIME,45372.8809967041
TIME,48794.62699890137
TIME,46291.323989868164
TIME,47915.8330078125
TIME,37386.830993652344
TIME,45454.302001953125
TIME,50617.60600280762
TIME,38234.614990234375
TIME,44759.697998046875
TIME,36738.11799621582
TIME,48426.454986572266
TIME,42974.22799682617
TIME,63851.238998413086
TIME,133684.94799804688
TIME,125086.74700927734
TIME,102763.56900024414
TIME,52586.79600524902
TIME,74767.23300170898
TIME,46715.75698852539
TIME,41533.42199707031
TIME,44852.8279876709
TIME,42820.246994018555
TIME,48508.836013793945
TIME,40618.27600097656
TIME,39025.19999694824
TIME,37541.7020111084
TIME,39173.84999084473
TIME,38332.87699890137
TIME,43994.35400390625
TIME,37015.059005737305
TIME,42421.99499511719
TIME,38660.70799255371
TIME,40464.94599914551
TIME,46824.68798828125
TIME,46364.96598815918
TIME,41930.58399963379
TIME,43610.552001953125
TIME,46052.95199584961
TIME,44033.60400390625
TIME,40419.83500671387
TIME,38401.516998291016
TIME,39428.40100097656
TIME,47019.88900756836
TIME,47020.79800415039
TIME,45460.56098937988
TIME,38790.43899536133
TIME,43767.33200073242
TIME,49075.988998413086
TIME,47750.94200134277
TIME,44854.698989868164
TIME,47739.40199279785
TIME,45691.31201171875
TIME,43004.017990112305
TIME,49942.60200500488
TIME,37019.52000427246
TIME,48497.30599975586
TIME,48582.7859954834
TIME,36541.38700866699
TIME,42086.26400756836
TIME,40390.22499084473
TIME,48680.93598937988
TIME,39768.101989746094
TIME,46785.06700134277
TIME,39328.86199951172
TIME,47953.872009277344
TIME,43814.274002075195
TIME,44834.0890045166
TIME,42172.55499267578
TIME,45104.580001831055
TIME,40661.57800292969
TIME,46600.1369934082
TIME,39537.621002197266
TIME,48643.52600097656
TIME,42390.67599487305
TIME,41433.580001831055
TIME,39309.09999084473
TIME,40034.23500061035
TIME,38376.82598876953
TIME,38473.45700073242
TIME,39420.80099487305
TIME,39320.261001586914
TIME,41849.40200805664
TIME,40799.8690032959
TIME,44870.00799560547
TIME,43812.40199279785
TIME,41504.191009521484
TIME,47703.322006225586
TIME,47879.35299682617
TIME,48254.343002319336
TIME,35666.96299743652
TIME,41995.875
TIME,40636.608001708984
TIME,47790.95300292969
TIME,49006.378005981445
TIME,47769.79200744629
TIME,40253.823989868164
TIME,44935.31799316406
TIME,44597.155990600586
TIME,49565.40100097656
TIME,49037.83799743652
TIME,46401.136001586914
TIME,45499.761001586914
TIME,48490.91499328613
TIME,49419.460998535156
TIME,37450.600997924805
TIME,46381.246002197266
TIME,46498.447006225586
TIME,36290.98599243164
TIME,41522.47200012207
TIME,34435.518005371094
TIME,51152.988998413086
TIME,36160.5950012207
TIME,70114.6900024414
TIME,104291.96699523926
TIME,131562.94799804688
TIME,109361.44100952148
TIME,58110.92199707031
TIME,80339.97900390625
TIME,44772.30700683594
TIME,39494.302001953125
TIME,46612.697006225586
TIME,42752.606994628906
TIME,48570.57600402832
TIME,40660.7859954834
TIME,39004.25
TIME,37283.90100097656
TIME,41152.84100341797
TIME,39333.69200134277
TIME,37929.67399597168
TIME,39097.38000488281
TIME,37012.72900390625
TIME,39431.642013549805
TIME,44035.60400390625
TIME,44226.0359954834
TIME,44364.566009521484
TIME,49865.281997680664
TIME,45729.90200805664
TIME,47899.35200500488
TIME,49905.77299499512
TIME,40178.93600463867
TIME,38469.406997680664
TIME,38405.37600708008
TIME,45883.19200134277
TIME,47000.46798706055
TIME,45410.469009399414
TIME,41441.941009521484
TIME,45143.350006103516
TIME,44894.45899963379
TIME,49866.802001953125
TIME,46911.606994628906
TIME,43921.68299865723
TIME,46837.766998291016
TIME,49596.759994506836
TIME,45473.34199523926
TIME,36427.38700866699
TIME,47482.75100708008
TIME,48644.02699279785
TIME,44167.24398803711
TIME,48087.523986816406
TIME,35950.65400695801
TIME,46780.19599914551
TIME,38249.63700866699
TIME,44552.405990600586
TIME,43560.93199157715
TIME,43791.3630065918
TIME,39069.07000732422
TIME,43074.350006103516
TIME,37513.11199951172
TIME,48644.516998291016
TIME,40542.676010131836
TIME,44041.81399536133
TIME,39308.739990234375
TIME,48845.697006225586
TIME,42519.34600830078
TIME,41158.86000061035
TIME,37451.35301208496
TIME,40467.225997924805
TIME,36799.40800476074
TIME,39180.02900695801
TIME,38388.35600280762
TIME,42508.57598876953
TIME,38950.190002441406
TIME,40783.56900024414
TIME,46932.34800720215
TIME,46225.664001464844
TIME,41719.960998535156
TIME,43794.71299743652
TIME,49049.77799987793
TIME,48024.18299865723
TIME,37840.753005981445
TIME,42705.127990722656
TIME,44095.614013671875
TIME,45817.64099121094
TIME,46840.84700012207
TIME,49317.70899963379
TIME,41236.15100097656
TIME,43664.18099975586
TIME,44777.46699523926
TIME,50757.705993652344
TIME,47145.61898803711
TIME,47636.49101257324
TIME,44880.06800842285
TIME,42805.43901062012
TIME,47100.56900024414
TIME,36406.8869934082
TIME,50337.98500061035
TIME,49370.48001098633
TIME,38535.81799316406
TIME,49868.95199584961
TIME,42454.9169921875
TIME,48326.46501159668
TIME,45357.90000915527
TIME,85223.31399536133
TIME,152241.81999206543
TIME,122279.81399536133
TIME,100369.53698730469
TIME,71663.16799926758
TIME,48569.35600280762
TIME,46074.95399475098
TIME,41233.50100708008
TIME,43948.29299926758
TIME,43073.52900695801
TIME,48472.045989990234
TIME,40522.7380065918
TIME,38998.8690032959
TIME,37361.09100341797
TIME,37761.95300292969
TIME,41455.95199584961
TIME,42567.00700378418
TIME,43635.42199707031
TIME,44444.155990600586
TIME,41701.34199523926
TIME,37243.2799987793
TIME,49232.24900817871
TIME,47097.09899902344
TIME,43925.302993774414
TIME,45627.641998291016
TIME,48971.93800354004
TIME,47386.238998413086
TIME,38152.955001831055
TIME,42406.30699157715
TIME,39811.26400756836
TIME,47812.47299194336
TIME,49659.05099487305
TIME,47537.88999938965
TIME,44478.21499633789
TIME,41890.30400085449
TIME,46222.35499572754
TIME,49513.29100036621
TIME,44818.25799560547
TIME,46548.99501037598
TIME,48231.10299682617
TIME,44469.04600524902
TIME,44964.9580078125
TIME,37690.86299133301
TIME,48796.21699523926
TIME,47765.34199523926
TIME,37785.26300048828
TIME,50081.63301086426
TIME,36307.816009521484
TIME,44327.48500061035
TIME,37693.413009643555
TIME,48245.26300048828
TIME,40798.01899719238
TIME,48653.78601074219
TIME,42758.627990722656
TIME,46624.69599914551
TIME,39488.302001953125
TIME,45782.26300048828
TIME,38131.66600036621
TIME,43909.68299865723
TIME,43488.4700012207
TIME,51798.30000305176
TIME,41338.64100646973
TIME,40626.37699890137
TIME,34622.677993774414
TIME,36075.0950012207
TIME,39013.43901062012
TIME,43655.781005859375
TIME,37281.941009521484
TIME,37874.89498901367
TIME,41757.47200012207
TIME,41119.10899353027
TIME,48864.72700500488
TIME,46084.482986450195
TIME,39749.343002319336
TIME,42285.37699890137
TIME,48098.913986206055
TIME,47806.893005371094
TIME,39254.00100708008
TIME,37770.10299682617
TIME,41506.79100036621
TIME,46037.72399902344
TIME,44976.38899230957
TIME,50211.25500488281
TIME,44474.405990600586
TIME,50279.9940032959
TIME,44724.996994018555
TIME,43885.46398925781
TIME,42653.565994262695
TIME,47000.74900817871
TIME,48779.97700500488
TIME,43964.892990112305
TIME,44912.697998046875
TIME,36360.04600524902
TIME,48661.225997924805
TIME,47607.24099731445
TIME,39129.42999267578
TIME,47968.79299926758
TIME,39962.05400085449
TIME,46821.07800292969
TIME,41378.07099914551
TIME,72211.72999572754
TIME,147542.56600952148
TIME,126132.52198791504
TIME,103696.63299560547
TIME,51837.593002319336
TIME,75058.71398925781
TIME,45385.59100341797
TIME,40185.94599914551
TIME,47675.24200439453
TIME,39174.149993896484
TIME,48524.73600769043
TIME,41509.77099609375
TIME,40208.226013183594
TIME,41417.850997924805
TIME,40191.73599243164
TIME,43528.19200134277
TIME,39790.76300048828
TIME,35636.47300720215
TIME,38463.815994262695
TIME,38784.287994384766
TIME,41011.329010009766
TIME,47070.93899536133
TIME,45060.509994506836
TIME,41980.03298950195
TIME,44556.60600280762
TIME,46175.44499206543
TIME,45796.572006225586
TIME,42499.39700317383
TIME,39495.350997924805
TIME,43519.780990600586
TIME,45042.34799194336
TIME,46904.00799560547
TIME,49414.89099121094
TIME,42910.177993774414
TIME,43966.204010009766
TIME,48753.34700012207
TIME,50453.42399597168
TIME,46239.58399963379
TIME,48843.108001708984
TIME,47048.789001464844
TIME,47886.663009643555
TIME,44279.503997802734
TIME,36449.83799743652
TIME,48425.87400817871
TIME,47343.72900390625
TIME,36365.69599914551
TIME,46194.934997558594
TIME,38367.955001831055
TIME,47722.49200439453
TIME,39473.281997680664
TIME,46624.98699951172
TIME,39463.941009521484
TIME,47928.121994018555
TIME,42844.677993774414
TIME,45104.57899475098
TIME,41549.41198730469
TIME,48562.16600036621
TIME,40167.7559967041
TIME,46042.323989868164
TIME,39503.0419921875
TIME,50436.886001586914
TIME,43439.74099731445
TIME,43656.74099731445
TIME,37152.830001831055
TIME,38272.27600097656
TIME,41438.84199523926
TIME,38762.16799926758
TIME,41644.48100280762
TIME,38622.46699523926
TIME,40948.858001708984
TIME,41215.739990234375
TIME,46911.037994384766
TIME,39563.41200256348
TIME,43649.25100708008
TIME,38907.22801208496
TIME,44352.87600708008
TIME,47246.22900390625
TIME,38210.02600097656
TIME,37694.732009887695
TIME,41767.393005371094
TIME,44666.6969909668
TIME,46738.50700378418
TIME,45341.4700012207
TIME,43545.79100036621
TIME,41943.20399475098
TIME,40071.16499328613
TIME,45897.19300842285
TIME,48565.54600524902
TIME,44952.718994140625
TIME,44026.774002075195
TIME,45829.67300415039
TIME,45959.252990722656
TIME,36169.247009277344
TIME,47265.058990478516
TIME,46299.544006347656
TIME,36553.608001708984
TIME,45332.4109954834
TIME,31595.623001098633
TIME,48982.31900024414
TIME,37843.2440032959
TIME,69245.41499328613
TIME,121956.9819946289
TIME,127052.99600219727
TIME,105378.83200073242
TIME,76408.92098999023
TIME,53255.54000854492
TIME,46850.15800476074
TIME,42295.5059967041
TIME,45943.76300048828
TIME,43600.32099914551
TIME,49979.26300048828
TIME,41850.56298828125
TIME,40328.43598937988
TIME,41246.190994262695
TIME,41897.544006347656
TIME,38769.169006347656
TIME,42395.976013183594
TIME,42836.62699890137
TIME,40340.68501281738
TIME,37447.2919921875
TIME,37766.093994140625
TIME,44659.84800720215
TIME,47396.52101135254
TIME,47177.198989868164
TIME,42884.50799560547
TIME,46357.10501098633
TIME,49425.66000366211
TIME,40341.18600463867
TIME,37669.29299926758
TIME,35532.893005371094
TIME,44157.524002075195
TIME,44892.04899597168
TIME,49258.86999511719
TIME,41015.128005981445
TIME,43712.621994018555
TIME,46028.643005371094
TIME,46020.113998413086
TIME,46506.60600280762
TIME,47065.84899902344
TIME,46097.55400085449
TIME,47638.75099182129
TIME,50082.96299743652
TIME,36975.75898742676
TIME,50579.61599731445
TIME,49505.15100097656
TIME,45966.483001708984
TIME,47077.20899963379
TIME,39238.809997558594
TIME,55410.52899169922
TIME,37025.240005493164
TIME,40002.4940032959
TIME,33125.02200317383
TIME,44974.33799743652
TIME,41744.88299560547
TIME,44998.75801086426
TIME,41451.08200073242
TIME,48559.93600463867
TIME,40202.0359954834
TIME,45109.25900268555
TIME,39265.82099914551
TIME,48486.725997924805
TIME,47387.77899169922
TIME,38000.0950012207
TIME,39900.87399291992
TIME,42273.10600280762
TIME,40324.45700073242
TIME,40560.96701049805
TIME,39751.61299133301
TIME,38388.96701049805
TIME,39290.24198913574
TIME,39142.17900085449
TIME,46721.71600341797
TIME,45389.61999511719
TIME,41880.83399963379
TIME,42769.65901184082
TIME,48573.886001586914
TIME,45679.17100524902
TIME,41939.5830078125
TIME,39723.69200134277
TIME,43554.44200134277
TIME,50716.176010131836
TIME,46814.49800109863
TIME,45326.43998718262
TIME,38785.04699707031
TIME,43925.67300415039
TIME,48019.94299316406
TIME,50347.23400878906
TIME,46520.57598876953
TIME,46588.53601074219
TIME,46274.97399902344
TIME,49551.83100891113
TIME,45431.41000366211
TIME,36361.77699279785
TIME,48363.60499572754
TIME,47268.79998779297
TIME,36620.09800720215
TIME,42860.816986083984
TIME,42366.087005615234
TIME,48737.39700317383
TIME,43726.072998046875
TIME,83508.92500305176
TIME,130933.70600891113
TIME,127547.3099975586
TIME,107271.6009979248
TIME,55348.24899291992
TIME,77820.32800292969
TIME,39240.600006103516
TIME,34598.648986816406
TIME,51419.518005371094
TIME,43165.08999633789
TIME,49836.7619934082
TIME,41390.08100891113
TIME,38177.97399902344
TIME,37461.781005859375
TIME,38491.18699645996
TIME,36535.02700805664
TIME,36521.99800109863
TIME,41350.760009765625
TIME,39882.72399902344
TIME,40971.10900878906
TIME,41741.28399658203
TIME,46323.89401245117
TIME,45189.75
TIME,41953.04299926758
TIME,44727.89700317383
TIME,49450.38999938965
TIME,47261.25799560547
TIME,38479.1969909668
TIME,37288.3219909668
TIME,41254.52200317383
TIME,42632.58799743652
TIME,44034.06401062012
TIME,46235.45300292969
TIME,44617.23799133301
TIME,43128.43998718262
TIME,47881.24299621582
TIME,47791.76200866699
TIME,49001.93598937988
TIME,48674.746002197266
TIME,48040.56298828125
TIME,49748.261001586914
TIME,45854.01300048828
TIME,36427.607009887695
TIME,50455.34599304199
TIME,50563.545989990234
TIME,38208.71598815918
TIME,44893.86799621582
TIME,37387.24200439453
TIME,44866.45700073242
TIME,43435.031005859375
TIME,46843.36799621582
TIME,39946.815002441406
TIME,46917.267013549805
TIME,39179.84999084473
TIME,45963.2919921875
TIME,44105.07400512695
TIME,47365.47999572754
TIME,37542.65299987793
TIME,44171.184997558594
TIME,43095.968994140625
TIME,48529.51600646973
TIME,41787.572998046875
TIME,40154.90399169922
TIME,37293.32000732422
TIME,38578.627990722656
TIME,40375.01600646973
TIME,40574.16700744629
TIME,43691.29200744629
TIME,38740.11898803711
TIME,39509.99299621582
TIME,37723.42300415039
TIME,44749.1369934082
TIME,43524.68099975586
TIME,41911.15299987793
TIME,44280.94500732422
TIME,43646.5419921875
TIME,43620.593002319336
TIME,40440.69500732422
TIME,39302.440994262695
TIME,44590.406997680664
TIME,45407.15998840332
TIME,47109.59899902344
TIME,45110.829010009766
TIME,49277.7979888916
TIME,49636.141998291016
TIME,43908.913986206055
TIME,47344.280014038086
TIME,44743.226013183594
TIME,43261.94900512695
TIME,47576.1309967041
TIME,45885.06300354004
TIME,47843.63299560547
TIME,36656.29699707031
TIME,49454.34001159668
TIME,49574.91101074219
TIME,37935.414001464844
TIME,42082.4640045166
TIME,42386.54600524902
TIME,48333.3450012207
TIME,40575.45700073242
TIME,97529.22300720215
TIME,150336.78900146484
TIME,123294.93800354004
TIME,102977.86000061035
TIME,51718.34100341797
TIME,73867.30899047852
TIME,39434.030990600586
TIME,34908.81100463867
TIME,44001.72399902344
TIME,36714.018005371094
TIME,50513.23600769043
TIME,41568.92199707031
TIME,38239.95600891113
TIME,39139.91000366211
TIME,40613.09700012207
TIME,39945.56498718262
TIME,40313.02699279785
TIME,37287.9109954834
TIME,40426.065994262695
TIME,41696.69200134277
TIME,41833.85299682617
TIME,46688.336990356445
TIME,45431.00199890137
TIME,41727.003005981445
TIME,42914.80799865723
TIME,44398.50700378418
TIME,47086.63800048828
TIME,38473.71701049805
TIME,41633.43099975586
TIME,39668.712005615234
TIME,45746.68200683594
TIME,49244.539001464844
TIME,46090.71398925781
TIME,49837.66200256348
TIME,48878.66799926758
TIME,48147.98399353027
TIME,47940.93299865723
TIME,44935.55799865723
TIME,44570.23699951172
TIME,43617.371002197266
TIME,45122.039001464844
TIME,46031.67399597168
TIME,36490.55699157715
TIME,49249.899002075195
TIME,49299.86000061035
TIME,37501.15100097656
TIME,41908.003997802734
TIME,42397.80599975586
TIME,44768.63700866699
TIME,41390.190002441406
TIME,48379.613998413086
TIME,40495.57800292969
TIME,46298.49499511719
TIME,39345.212005615234
TIME,46022.73399353027
TIME,41532.981994628906
TIME,44346.753997802734
TIME,40506.62699890137
TIME,45316.88899230957
TIME,39730.093002319336
TIME,46569.37600708008
TIME,39460.622009277344
TIME,38172.343994140625
TIME,36852.13899230957
TIME,38407.82600402832
TIME,36308.32699584961
TIME,42506.09700012207
TIME,39023.038986206055
TIME,42395.17500305176
TIME,40824.05799865723
TIME,37628.15399169922
TIME,44932.74800109863
TIME,43769.40199279785
TIME,39349.97100830078
TIME,42825.90800476074
TIME,48858.496994018555
TIME,47883.43299865723
TIME,41950.69299316406
TIME,41715.78300476074
TIME,37389.64099121094
TIME,44053.162994384766
TIME,46760.38700866699
TIME,44740.47799682617
TIME,43663.52299499512
TIME,48626.96600341797
TIME,47032.15800476074
TIME,48002.20300292969
TIME,48590.07699584961
TIME,43180.169998168945
TIME,47738.58200073242
TIME,49742.27099609375
TIME,43787.79299926758
TIME,36527.54699707031
TIME,51846.50199890137
TIME,52815.53601074219
TIME,42105.843994140625
TIME,41586.871002197266
TIME,35389.44200134277
TIME,48316.10398864746
TIME,38877.29899597168
TIME,54312.8630065918
TIME,65571.02900695801
TIME,139127.26499938965
TIME,117655.19200134277
TIME,66073.9700012207
TIME,88118.47700500488
TIME,40769.18699645996
TIME,36284.34599304199
TIME,43457.43099975586
TIME,42711.52799987793
TIME,48531.24598693848
TIME,40316.86599731445
TIME,38754.47900390625
TIME,33272.26200866699
TIME,40142.204986572266
TIME,40521.086013793945
TIME,40513.52699279785
TIME,43841.55400085449
TIME,42243.73400878906
TIME,42477.905990600586
TIME,43116.43899536133
TIME,44249.7859954834
TIME,43242.010986328125
TIME,39324.77099609375
TIME,42192.89399719238
TIME,45025.128997802734
TIME,43947.663009643555
TIME,40379.98600769043
TIME,43493.489990234375
TIME,40617.71701049805
TIME,47826.22099304199
TIME,48331.76499938965
TIME,45746.63200378418
TIME,39907.76300048828
TIME,38185.34600830078
TIME,43065.95799255371
TIME,47716.212005615234
TIME,48907.77799987793
TIME,48293.205001831055
TIME,47631.031005859375
TIME,45677.24099731445
TIME,46351.125
TIME,36351.85600280762
TIME,48351.96499633789
TIME,49401.669998168945
TIME,37318.14099121094
TIME,43975.76399230957
TIME,38529.35600280762
TIME,46703.79600524902
TIME,37274.872009277344
TIME,44732.108001708984
TIME,42385.30700683594
TIME,44768.27799987793
TIME,41533.7200012207
TIME,47880.70300292969
TIME,37532.572006225586
TIME,46916.947006225586
TIME,42562.63700866699
TIME,47898.531005859375
TIME,41773.65299987793
TIME,51847.22200012207
TIME,39354.210998535156
TIME,38087.294006347656
TIME,39480.57000732422
TIME,42476.92500305176
TIME,38506.70700073242
TIME,38161.426986694336
TIME,41265.490005493164
TIME,38425.836990356445
TIME,38405.89599609375
TIME,39309.93099975586
TIME,49124.54899597168
TIME,43638.761001586914
TIME,39763.29200744629
TIME,42835.97799682617
TIME,44711.02699279785
TIME,48124.03401184082
TIME,38425.23600769043
TIME,41546.88200378418
TIME,38677.29800415039
TIME,43445.72099304199
TIME,44372.365005493164
TIME,48252.39500427246
TIME,45992.46299743652
TIME,42660.53700256348
TIME,47104.52899169922
TIME,46198.52500915527
TIME,48221.565002441406
TIME,47931.06300354004
TIME,47943.733001708984
TIME,45147.72099304199
TIME,45356.051010131836
TIME,36191.975006103516
TIME,48543.065994262695
TIME,49385.58999633789
TIME,37317.49099731445
TIME,48079.19299316406
TIME,41759.12300109863
TIME,48302.434997558594
TIME,46895.0779876709
TIME,137540.49699401855
TIME,146316.5
TIME,119441.40000915527
TIME,98456.35800170898
TIME,68089.66000366211
TIME,47098.40701293945
TIME,44328.66500854492
TIME,33070.02198791504
TIME,45851.51300048828
TIME,38716.50801086426
TIME,50486.25601196289
TIME,41802.60299682617
TIME,39990.815002441406
TIME,33277.8219909668
TIME,34943.6309967041
TIME,37586.96299743652
TIME,38631.30799865723
TIME,41691.40100097656
TIME,38857.33999633789
TIME,40272.566009521484
TIME,41517.301010131836
TIME,45408.43000793457
TIME,45391.190002441406
TIME,40108.25500488281
TIME,58986.72700500488
TIME,144172.09001159668
TIME,93381.53300476074
TIME,40307.406005859375
TIME,36852.34799194336
TIME,41750.343002319336
TIME,136844.41500854492
TIME,89784.57598876953
TIME,45161.66899108887
TIME,41142.91000366211
TIME,45382.32000732422
TIME,141795.6779937744
TIME,92677.10000610352
TIME,43364.82000732422
TIME,43372.9700012207
TIME,51307.29899597168
TIME,134399.74200439453
TIME,87297.15299987793
TIME,70220.83999633789
TIME,47551.41200256348
TIME,47642.06199645996
TIME,42051.934997558594
TIME,45550.4520111084
TIME,40877.53700256348
TIME,72862.10400390625
TIME,91753.38600158691
TIME,109504.54100036621
TIME,130135.26100158691
TIME,79989.68800354004
TIME,59101.14698791504
TIME,40636.65800476074
TIME,37381.031997680664
TIME,48724.28698730469
TIME,38279.10398864746
TIME,61379.86799621582
TIME,66139.15000915527
TIME,119247.37799072266
TIME,143977.8579864502
TIME,82741.3920135498
TIME,121654
TIME,134571.26400756836
TIME,79518.45599365234
TIME,35015.0299987793
TIME,36896.95899963379
TIME,45702.22200012207
TIME,122642.33499145508
TIME,75020.51399230957
TIME,42355.815994262695
TIME,43949.33399963379
TIME,90620.11999511719
TIME,119955.42199707031
TIME,72428.1309967041
TIME,39609.3630065918
TIME,37978.82499694824
TIME,76133.4400024414
TIME,112444.56600952148
TIME,59436.39799499512
TIME,41261.490005493164
TIME,48561.9469909668
TIME,150761.49200439453
TIME,101765.33299255371
TIME,51655.69999694824
TIME,38894.08999633789
TIME,48567.905990600586
TIME,147772.34700012207
TIME,99941.68399047852
TIME,46788.29800415039
TIME,42495.27699279785
TIME,35984.14498901367
TIME,49894.54299926758
TIME,49983.0830078125
TIME,48810.7559967041
TIME,155166.24299621582
TIME,107232.01000976562
TIME,138059
TIME,88282.08799743652
TIME,57166.33799743652
TIME,37790.302993774414
TIME,38934.309997558594
TIME,38319.625
TIME,44575.1969909668
TIME,50415.33499145508
TIME,155182.1729888916
TIME,142637.61199951172
TIME,94023.24600219727
TIME,112246.5650024414
TIME,40986.38899230957
TIME,66052.84999084473
TIME,32746.038009643555
TIME,45458.56999206543
TIME,135896.9400024414
TIME,81152.44400024414
TIME,36889.35900878906
TIME,38859.71798706055
TIME,59085.447998046875
TIME,127187.63800048828
TIME,78957.70399475098
TIME,42002.162994384766
TIME,86815.25100708008
TIME,126770.52700805664
TIME,74025.02900695801
TIME,39072.607986450195
TIME,49871.63299560547
TIME,59148.906997680664
TIME,126192.75199890137
TIME,76400.09100341797
TIME,43852.38299560547
TIME,46704.205993652344
TIME,59476.4700012207
TIME,128827.3569946289
TIME,79800.15899658203
TIME,41582.79100036621
TIME,44215.03399658203
TIME,46919.82800292969
TIME,143339.93600463867
TIME,118157.48300170898
TIME,65579.6480102539
TIME,40354.78601074219
TIME,34785.81900024414
TIME,50177.60400390625
TIME,58229.8330078125
TIME,40875.22898864746
TIME,100324.94799804688
TIME,150401.4100036621
TIME,121699.34100341797
TIME,102635.27799987793
TIME,72118.71000671387
TIME,51215.40899658203
TIME,43045.93899536133
TIME,34109.19400024414
TIME,44166.69500732422
TIME,38812.8390045166
TIME,72641.91200256348
TIME,123855.80200195312
TIME,110194.47500610352
TIME,128423.11299133301
TIME,57870.56100463867
TIME,83119.5240020752
TIME,38890.09800720215
TIME,41738.141998291016
TIME,154776.15000915527
TIME,100459.48699951172
TIME,51387.67900085449
TIME,35623.8030090332
TIME,42968.16799926758
TIME,143874.65000915527
TIME,95725.61500549316
TIME,46699.43699645996
TIME,43270.080001831055
TIME,44134.12399291992
TIME,147850.63800048828
TIME,99920.79501342773
TIME,48804.12699890137
TIME,36742.64799499512
TIME,45586.11099243164
TIME,144241.77099609375
TIME,90730.86000061035
TIME,44642.07699584961
TIME,41651.462005615234
TIME,49387.86799621582
TIME,154089.2799987793
TIME,104985.26000976562
TIME,53878.572006225586
TIME,43511.170989990234
TIME,50033.662994384766
TIME,150414.12001037598
TIME,96967.16200256348
TIME,49910.17300415039
TIME,35015.29100036621
TIME,47438.54899597168
TIME,47532.61000061035
TIME,38826.36000061035
TIME,55525.10899353027
TIME,48216.53498840332
TIME,142402.86100769043
TIME,123013.32699584961
TIME,71822.90899658203
TIME,93014.06100463867
TIME,42672.856994628906
TIME,35252.761001586914
TIME,39494.31199645996
TIME,39260.530990600586
TIME,48908.747009277344
TIME,44392.64599609375
TIME,144234.51000976562
TIME,140657.9530029297
TIME,87044.95300292969
TIME,113227.32998657227
TIME,40749.2380065918
TIME,36084.19499206543
TIME,49081.02700805664
TIME,131890.40998840332
TIME,83293.55400085449
TIME,36219.02600097656
TIME,37920.75498962402
TIME,46412.12399291992
TIME,135193.45599365234
TIME,85783.5659942627
TIME,48097.40400695801
TIME,49899.81100463867
TIME,78251.65899658203
TIME,133111.49600219727
TIME,81964.25900268555
TIME,32367.887008666992
TIME,37952.39399719238
TIME,100683.65899658203
TIME,119455.13000488281
TIME,71921.8980102539
TIME,49297.91000366211
TIME,39849.90199279785
TIME,134355.3630065918
TIME,118407.14401245117
TIME,66170.65100097656
TIME,40198.996002197266
TIME,44725.02699279785
TIME,139062.4349975586
TIME,114854.31799316406
TIME,66924.01499938965
TIME,50887.59799194336
TIME,49495.83898925781
TIME,49607.52000427246
TIME,38613.469009399414
TIME,44255.28500366211
TIME,39883.22399902344
TIME,106124.70600891113
TIME,149486.05599975586
TIME,69957.21000671387
TIME,99109.14199829102
TIME,119715.74099731445
TIME,48551.406005859375
TIME,40393.225997924805
TIME,37128.899993896484
TIME,48087.2140045166
TIME,40030.56498718262
TIME,88223.71699523926
TIME,108488.41600036621
TIME,135124.08499145508
TIME,108803.62800598145
TIME,60963.625
TIME,36873.97898864746
TIME,43515.710998535156
TIME,149313.67500305176
TIME,103212.53199768066
TIME,56152.96299743652
TIME,36340.835998535156
TIME,41384.1309967041
TIME,150108.74899291992
TIME,100001.4049987793
TIME,46101.58399963379
TIME,39712.802001953125
TIME,49449.97999572754
TIME,151738.6559906006
TIME,100562.28700256348
TIME,46565.72499084473
TIME,32899.69999694824
TIME,44895.808990478516
TIME,138411.21199035645
TIME,90674.11000061035
TIME,47854.24200439453
TIME,39122.68899536133
TIME,73822.34899902344
TIME,135943.1600036621
TIME,84308.41900634766
TIME,39215.510009765625
TIME,43323.75
TIME,82864.12200927734
TIME,128429.85299682617
TIME,80582.27000427246
TIME,64512.63299560547
TIME,46851.427993774414
TIME,46984.399002075195
TIME,41065.72900390625
TIME,47453.371002197266
TIME,40022.183990478516
TIME,48894.177993774414
TIME,42472.00498962402
TIME,47630.9700012207
TIME,41439.5119934082
TIME,48876.36799621582
TIME,40259.86599731445
TIME,49762.19200134277
TIME,40613.7380065918
TIME,44523.61700439453
TIME,40416.25700378418
TIME,44696.60600280762
TIME,39929.164001464844
TIME,50149.5530090332
TIME,40811.1190032959
TIME,42564.295989990234
TIME,42383.52500915527
TIME,37846.96301269531
TIME,37544.70300292969
TIME,38515.80599975586
TIME,41549.48098754883
TIME,43419.989990234375
TIME,38725.09800720215
TIME,38230.66500854492
TIME,45031.65800476074
TIME,45653.00100708008
TIME,40867.05000305176
TIME,42898.287994384766
TIME,49603.92100524902
TIME,47223.16899108887
TIME,43469.190002441406
TIME,42324.996002197266
TIME,40258.96499633789
TIME,42781.856994628906
TIME,46004.961990356445
TIME,45220.78999328613
TIME,43831.88400268555
TIME,41856.06399536133
TIME,48799.1969909668
TIME,44975.197998046875
TIME,44717.84700012207
TIME,43730.83200073242
TIME,48981.49800109863
TIME,44910.6969909668
TIME,46840.34700012207
TIME,36188.875
TIME,50307.115005493164
TIME,50320.92500305176
TIME,38330.68598937988
TIME,49217.43899536133
TIME,42531.73600769043
TIME,49383.787994384766
TIME,39868.14399719238
TIME,47491.261001586914
TIME,39217.27000427246
TIME,48624.12600708008
TIME,39880.892990112305
TIME,49319.40000915527
TIME,40654.09800720215
TIME,44233.49398803711
TIME,40811.00801086426
TIME,42870.899002075195
TIME,40091.044998168945
TIME,50429.80400085449
TIME,36570.93699645996
TIME,38192.80499267578
TIME,36458.427001953125
TIME,41048.329010009766
TIME,50382.87400817871
TIME,145534.50700378418
TIME,99284.49301147461
TIME,47176.808990478516
TIME,38461.337005615234
TIME,38657.50799560547
TIME,48966.656005859375
TIME,49420.52000427246
TIME,48361.83500671387
TIME,46670.77699279785
TIME,48830.844985961914
TIME,46911.7380065918
TIME,38325.55699157715
TIME,42624.23699951172
TIME,40528.335998535156
TIME,46968.59600830078
TIME,45812.99299621582
TIME,44545.20600891113
TIME,49857.18299865723
TIME,49665.26998901367
TIME,48331.094985961914
TIME,46771.947006225586
TIME,46535.69599914551
TIME,45075.63800048828
TIME,45088.858001708984
TIME,46356.33499145508
TIME,46589.0359954834
TIME,37614.92300415039
TIME,43902.03298950195
TIME,50131.9940032959
TIME,38423.77700805664
TIME,48108.02200317383
TIME,36617.61700439453
TIME,46133.684997558594
TIME,38419.89601135254
TIME,45891.893005371094
TIME,37405.73100280762
TIME,46801.61700439453
TIME,42381.77699279785
TIME,44377.14498901367
TIME,39622.593002319336
TIME,44347.125
TIME,39893.70300292969
TIME,44507.87699890137
TIME,37689.70199584961
TIME,49761.232009887695
TIME,38520.17599487305
TIME,40142.114990234375
TIME,40302.315994262695
TIME,42152.634994506836
TIME,43522.739990234375
TIME,37778.52299499512
TIME,41637.233001708984
TIME,39384.61099243164
TIME,39616.481994628906
TIME,42574.516998291016
TIME,47618.10200500488
TIME,47018.74899291992
TIME,40867.899002075195
TIME,43088.33100891113
TIME,44516.77699279785
TIME,44075.65400695801
TIME,37121.309997558594
TIME,39544.22100830078
TIME,42583.86698913574
TIME,49101.948989868164
TIME,43900.56199645996
TIME,48406.80400085449
TIME,40050.384994506836
TIME,44153.225006103516
TIME,49632.231994628906
TIME,48925.93699645996
TIME,48880.48799133301
TIME,42740.34799194336
TIME,44984.32800292969
TIME,46654.24499511719
TIME,48485.364990234375
TIME,37680.91200256348
TIME,45538.51200866699
TIME,45756.7619934082
TIME,40444.1549987793
TIME,40084.13398742676
TIME,33809.64399719238
TIME,46666.93598937988
TIME,38453.37699890137
TIME,45735.06199645996
TIME,43442.36000061035
TIME,46066.03500366211
TIME,42548.95700073242
TIME,47904.413009643555
TIME,37237.759994506836
TIME,48243.233001708984
TIME,37682.23399353027
TIME,44966.68800354004
TIME,37049.988998413086
TIME,46566.69599914551
TIME,40480.177001953125
TIME,43187.059005737305
TIME,41681.78201293945
TIME,37455.70199584961
TIME,41943.05500793457
TIME,152010.01699829102
TIME,106110.98400878906
TIME,54029.88200378418
TIME,43685.643005371094
TIME,40301.835998535156
TIME,44820.72700500488
TIME,44184.06399536133
TIME,46907.55799865723
TIME,48772.71699523926
TIME,42017.87400817871
TIME,43519.460998535156
TIME,41327.16000366211
TIME,38571.6780090332
TIME,42388.434997558594
TIME,48875.39700317383
TIME,48213.65399169922
TIME,46272.57499694824
TIME,39903.36199951172
TIME,43867.45399475098
TIME,50090.83399963379
TIME,48818.677001953125
TIME,48814.82699584961
TIME,42298.89498901367
TIME,48428.05499267578
TIME,44910.488998413086
TIME,45254.77899169922
TIME,37274.48100280762
TIME,47209.72799682617
TIME,47322.88900756836
TIME,36526.06700134277
TIME,49634.801010131836
TIME,45257.93998718262
TIME,53700.44999694824
TIME,48753.25500488281
TIME,57468.8690032959
TIME,39580.38299560547
TIME,39066.419998168945
TIME,33789.4640045166
TIME,43822.56399536133
TIME,37304.52101135254
TIME,46526.32600402832
TIME,40226.73500061035
TIME,48870.37599182129
TIME,41519.56199645996
TIME,48034.97299194336
TIME,38535.09799194336
TIME,40568.71499633789
TIME,36881.9880065918
TIME,40831.858001708984
TIME,36891.18998718262
TIME,39368.371002197266
TIME,41824.27299499512
TIME,39392.33200073242
TIME,41560.77200317383
TIME,42132.63299560547
TIME,49023.39599609375
TIME,48278.2440032959
TIME,42122.75500488281
TIME,38997.018005371094
TIME,42245.00500488281
TIME,43089.72799682617
TIME,43687.6130065918
TIME,43018.24800109863
TIME,40596.226989746094
TIME,42899.25799560547
TIME,49816.65299987793
TIME,48994.4469909668
TIME,41667.6130065918
TIME,48410.073989868164
TIME,47280.52000427246
TIME,46895.83799743652
TIME,46735.38800048828
TIME,42404.08500671387
TIME,44266.80599975586
TIME,47044.02799987793
TIME,48728.1969909668
TIME,36849.32800292969
TIME,44997.97799682617
TIME,45162.6190032959
TIME,37473.74198913574
TIME,42782.02700805664
TIME,37559.621994018555
TIME,46106.63400268555
TIME,36620.37699890137
TIME,49911.02299499512
TIME,40361.975997924805
TIME,43826.49200439453
TIME,39621.56300354004
TIME,45245.79000854492
TIME,41530.09098815918
TIME,46777.9169921875
TIME,36129.16600036621
TIME,46827.75799560547
TIME,39378.76200866699
TIME,47182.70899963379
TIME,39941.294006347656
TIME,42742.26899719238
TIME,37954.115005493164
TIME,40480.087005615234
TIME,52252.44400024414
TIME,141894.05799865723
TIME,96382.35800170898
TIME,44295.75500488281
TIME,33413.71299743652
TIME,37655.802001953125
TIME,44036.552993774414
TIME,42560.18600463867
TIME,41360.61100769043
TIME,42168.406005859375
TIME,48984.36801147461
TIME,44858.30699157715
TIME,43592.24099731445
TIME,42545.61700439453
TIME,40362.135009765625
TIME,46296.56498718262
TIME,46062.252990722656
TIME,44268.725997924805
TIME,43286.10900878906
TIME,47282.09899902344
TIME,47808.391998291016
TIME,47726.37300109863
TIME,47046.128997802734
TIME,44580.906005859375
TIME,45053.68899536133
TIME,42787.22799682617
TIME,44914.406997680664
TIME,36912.690002441406
TIME,47304.4289855957
TIME,47500.19999694824
TIME,36518.63900756836
TIME,44798.587005615234
TIME,39685.85301208496
TIME,45363.100006103516
TIME,38513.60600280762
TIME,49149.58799743652
TIME,39597.601989746094
TIME,44313.815002441406
TIME,39516.62300109863
TIME,43756.79299926758
TIME,41510.96299743652
TIME,47696.15200805664
TIME,37920.08399963379
TIME,44036.14399719238
TIME,42791.70700073242
TIME,50635.8450012207
TIME,40331.61599731445
TIME,42531.656997680664
TIME,34661.787994384766
TIME,38526.48699951172
TIME,39465.68099975586
TIME,38404.705993652344
TIME,43676.63200378418
TIME,38600.87699890137
TIME,37571.81201171875
TIME,39470.87098693848
TIME,49846.210998535156
TIME,44563.98600769043
TIME,45949.60400390625
TIME,48587.5359954834
TIME,44395.78500366211
TIME,46826.48699951172
TIME,43664.44299316406
TIME,42330.53500366211
TIME,40561.677001953125
TIME,46903.816009521484
TIME,47753.551986694336
TIME,47900.49301147461
TIME,43236.26901245117
TIME,43557.81001281738
TIME,43227.29100036621
TIME,48853.88700866699
TIME,48790.21598815918
TIME,46368.343994140625
TIME,47216.77899169922
TIME,45081.93899536133
TIME,46815.246002197266
TIME,37281.90200805664
TIME,49349.42900085449
TIME,49533.738998413086
TIME,44381.53500366211
TIME,55114.898010253906
TIME,48269.97399902344
TIME,43683.17300415039
TIME,40614.377014160156
TIME,52471.40399169922
TIME,41234.75
TIME,46747.15800476074
TIME,41464.71299743652
TIME,49958.99299621582
TIME,33734.65299987793
TIME,49261.20899963379
TIME,40382.80499267578
TIME,49767.93099975586
TIME,42464.21600341797
TIME,51371.41000366211
TIME,38282.77600097656
TIME,38460.23699951172
TIME,36294.00601196289
TIME,42625.47799682617
TIME,45987.72300720215
TIME,140927.20399475098
TIME,96113.93600463867
TIME,42935.21798706055
TIME,41226.43099975586
TIME,37513.49200439453
TIME,52484.58399963379
TIME,46898.267990112305
TIME,41960.95399475098
TIME,38727.768005371094
TIME,44900.2080078125
TIME,47105.38899230957
TIME,43236.11999511719
TIME,40636.29800415039
TIME,38103.815002441406
TIME,44232.55400085449
TIME,45825.912994384766
TIME,49155.20899963379
TIME,44134.82400512695
TIME,41868.53399658203
TIME,43929.08299255371
TIME,48921.47700500488
TIME,48738.63700866699
TIME,46747.84700012207
TIME,46925.4580078125
TIME,48840.77699279785
TIME,44386.044998168945
TIME,37477.731994628906
TIME,47380.44999694824
TIME,47492.76998901367
TIME,41482.91198730469
TIME,44906.72799682617
TIME,38071.94500732422
TIME,47757.100997924805
TIME,38496.93800354004
TIME,47941.662994384766
TIME,43203.67900085449
TIME,48990.99800109863
TIME,41617.28201293945
TIME,45609.73100280762
TIME,39203.71000671387
TIME,44907.68600463867
TIME,40655.21600341797
TIME,45905.42399597168
TIME,38553.26899719238
TIME,45884.20399475098
TIME,40741.3270111084
TIME,42509.295989990234
TIME,36598.25799560547
TIME,40648.77700805664
TIME,39450.90100097656
TIME,38508.677993774414
TIME,43660.162994384766
TIME,38647.587005615234
TIME,36349.80700683594
TIME,43625.87098693848
TIME,44103.365005493164
TIME,44288.16600036621
TIME,39788.40299987793
TIME,42823.9469909668
TIME,44959.32899475098
TIME,46680.75698852539
TIME,39551.21299743652
TIME,38657.8690032959
TIME,37623.50500488281
TIME,43791.42401123047
TIME,49832.225006103516
TIME,47849.72299194336
TIME,39933.62600708008
TIME,45738.90000915527
TIME,46019.49101257324
TIME,47018.697998046875
TIME,46599.26901245117
TIME,44976.36199951172
TIME,46726.55500793457
TIME,45104.198013305664
TIME,46899.48799133301
TIME,37111.43899536133
TIME,47573.164001464844
TIME,47666.63400268555
TIME,37623.40400695801
TIME,44820.12599182129
TIME,38261.2140045166
TIME,46198.53399658203
TIME,42500.58799743652
TIME,45563.0299987793
TIME,44317.13301086426
TIME,46920.03401184082
TIME,43247.656997680664
TIME,47882.49099731445
TIME,39365.59100341797
TIME,48564.017990112305
TIME,39999.97399902344
TIME,44044.2140045166
TIME,42150.635009765625
TIME,50487.19599914551
TIME,40483.176010131836
TIME,43255.45098876953
TIME,37794.70300292969
TIME,41930.24301147461
TIME,54188.90199279785
TIME,136185.50100708008
TIME,90831.58099365234
TIME,42964.55799865723
TIME,42774.517013549805
TIME,39262.73100280762
TIME,47871.21299743652
TIME,48358.615005493164
TIME,49845.64099121094
TIME,48684.31700134277
TIME,48460.25601196289
TIME,42925.33799743652
TIME,37856.664001464844
TIME,38040.48500061035
TIME,41681.67199707031
TIME,47262.58898925781
TIME,49539.990005493164
TIME,48246.5950012207
TIME,41894.371994018555
TIME,39987.60301208496
TIME,43940.37300109863
TIME,48535.96600341797
TIME,48992.0890045166
TIME,42672.64700317383
TIME,48341.885009765625
TIME,44511.53700256348
TIME,44982.05799865723
TIME,37148.91000366211
TIME,47334.93998718262
TIME,47620.210998535156
TIME,41348.850997924805
TIME,46664.79699707031
TIME,34582.40800476074
TIME,50101.08399963379
TIME,40232.23399353027
TIME,52553.19400024414
TIME,41654.3330078125
TIME,46734.856994628906
TIME,41450.69999694824
TIME,47745.58200073242
TIME,43537.420989990234
TIME,46725.59600830078
TIME,37914.03399658203
TIME,46972.427001953125
TIME,40437.7970123291
TIME,48439.29600524902
TIME,38581.747009277344
TIME,40461.75498962402
TIME,37525.872009277344
TIME,40850.90899658203
TIME,35622.21299743652
TIME,40348.996002197266
TIME,37914.9940032959
TIME,37063.22900390625
TIME,36129.96600341797
TIME,40181.78399658203
TIME,45235.18998718262
TIME,44298.61599731445
TIME,52014.26300048828
TIME,42522.51600646973
TIME,44542.93800354004
TIME,46493.17599487305
TIME,39481.122009277344
TIME,42653.7080078125
TIME,39609.8219909668
TIME,44952.18798828125
TIME,47638.98100280762
TIME,45733.40199279785
TIME,43927.85299682617
TIME,41750.47300720215
TIME,45864.22300720215
TIME,48863.61700439453
TIME,49019.218994140625
TIME,42684.41700744629
TIME,44169.07400512695
TIME,42386.70700073242
TIME,49156.1190032959
TIME,36575.77700805664
TIME,45503.169998168945
TIME,45666.55099487305
TIME,37354.302993774414
TIME,38608.81799316406
TIME,32531.00700378418
TIME,43737.31300354004
TIME,36335.066009521484
TIME,47818.36099243164
TIME,37452.0419921875
TIME,49107.26899719238
TIME,43307.65000915527
TIME,45759.27299499512
TIME,38688.287994384766
TIME,44881.8690032959
TIME,40003.56399536133
TIME,44840.21699523926
TIME,38549.88800048828
TIME,45929.274002075195
TIME,42068.684005737305
TIME,42755.77699279785
TIME,37403.33100891113
TIME,43482.67199707031
TIME,46638.64700317383
TIME,144507.9219970703
TIME,98573.00900268555
TIME,47480.190994262695
TIME,38023.23500061035
TIME,39762.92199707031
TIME,49653.211990356445
TIME,44842.0479888916
TIME,43712.6609954834
TIME,48903.1369934082
TIME,44131.50500488281
TIME,44903.84899902344
TIME,43525.920989990234
TIME,42637.25698852539
TIME,38928.53999328613
TIME,47567.030990600586
TIME,49857.573013305664
TIME,47702.06100463867
TIME,41837.253005981445
TIME,40304.17500305176
TIME,45446.45001220703
TIME,44960.27799987793
TIME,44635.358001708984
TIME,42555.837005615234
TIME,49265.58898925781
TIME,46447.10400390625
TIME,47007.538009643555
TIME,48920.04699707031
TIME,49741.420989990234
TIME,49765.58200073242
TIME,37191.190002441406
TIME,49660.43000793457
TIME,35834.73399353027
TIME,45165.56900024414
TIME,42259.843994140625
TIME,49910.572006225586
TIME,44268.37400817871
TIME,44318.23399353027
TIME,37211.2200012207
TIME,43423.059997558594
TIME,38383.1669921875
TIME,48738.98699951172
TIME,40378.46600341797
TIME,44853.77900695801
TIME,38390.52600097656
TIME,51942.75100708008
TIME,42211.25500488281
TIME,42182.60398864746
TIME,39345.781005859375
TIME,42907.75799560547
TIME,38945.97900390625
TIME,43584.43200683594
TIME,40622.81700134277
TIME,38307.47700500488
TIME,37732.87399291992
TIME,41527.15100097656
TIME,48088.63299560547
TIME,48488.87599182129
TIME,44077.06399536133
TIME,48951.29699707031
TIME,44075.80500793457
TIME,43102.218994140625
TIME,37448.08200073242
TIME,36527.856994628906
TIME,41462.94200134277
TIME,46590.95700073242
TIME,45690.79100036621
TIME,49119.45799255371
TIME,43959.593002319336
TIME,42170.58499145508
TIME,43922.69300842285
TIME,48563.92399597168
TIME,48824.1669921875
TIME,46792.65798950195
TIME,47104.17900085449
TIME,48927.606994628906
TIME,48560.70700073242
TIME,36888.24800109863
TIME,45376.22100830078
TIME,45363.6309967041
TIME,39456.6609954834
TIME,42837.00799560547
TIME,36545.23699951172
TIME,47668.81199645996
TIME,38455.73599243164
TIME,47835.96299743652
TIME,36991.398986816406
TIME,48812.20700073242
TIME,43342.43000793457
TIME,50011.80099487305
TIME,40369.89599609375
TIME,48221.60499572754
TIME,38282.405990600586
TIME,48916.927001953125
TIME,42309.37400817871
TIME,51961.23100280762
TIME,40646.27799987793
TIME,41035.81900024414
TIME,37495.67199707031
TIME,43337.34001159668
TIME,49091.378005981445
TIME,141530.39700317383
TIME,94252.25799560547
TIME,44096.30500793457
TIME,41330.95100402832
TIME,40823.47700500488
TIME,55395.628997802734
TIME,146863.46299743652
TIME,97914.96499633789
TIME,46882.98599243164
TIME,46191.74499511719
TIME,51096.419006347656
TIME,143138.01600646973
TIME,92449.37799072266
TIME,43635.93099975586
TIME,48658.197006225586
TIME,55864.54100036621
TIME,87925.93600463867
TIME,137589.8869934082
TIME,49924.891998291016
TIME,48014.51300048828
TIME,53833.07099914551
TIME,152198.41900634766
TIME,96725.14999389648
TIME,50681.875
TIME,46830.77700805664
TIME,47701.0419921875
TIME,43107.13900756836
TIME,151632.60600280762
TIME,151835.1669921875
TIME,101740.2740020752
TIME,134927.7449951172
TIME,83693.98699951172
TIME,54514.51499938965
TIME,42172.113998413086
TIME,49512.740005493164
TIME,39133
TIME,55871.84100341797
TIME,58297.92199707031
TIME,126582.63400268555
TIME,150342.46000671387
TIME,81498.54499816895
TIME,101824.9940032959
TIME,48739.37600708008
TIME,42606.947998046875
TIME,48957.07800292969
TIME,39862.19400024414
TIME,66385.20100402832
TIME,117745.56199645996
TIME,74240.80099487305
TIME,43433.621002197266
TIME,41249.90899658203
TIME,48426.774993896484
TIME,136961.46598815918
TIME,82645.77198791504
TIME,39240.5299987793
TIME,48986.808013916016
TIME,59599.36000061035
TIME,131143.5659942627
TIME,80314.47900390625
TIME,49637.371002197266
TIME,46264.475997924805
TIME,38903.65798950195
TIME,38671.84899902344
TIME,41836.38299560547
TIME,47739.85200500488
TIME,49852.621002197266
TIME,51281.149002075195
TIME,52328.843002319336
TIME,93152.21099853516
TIME,43762.503005981445
TIME,46226.705001831055
TIME,96674.68899536133
TIME,130795.38499450684
TIME,82617.78099060059
TIME,50682.087005615234
TIME,47075.31900024414
TIME,37660.21299743652
TIME,56004.04200744629
TIME,56037.36099243164
TIME,120191.06399536133
TIME,135535.96800231934
TIME,89522.14399719238
TIME,118770.79600524902
TIME,68456.19100952148
TIME,48563.07600402832
TIME,40041.41500854492
TIME,48736.06700134277
TIME,42838.02799987793
TIME,67157.20599365234
TIME,127163.40699768066
TIME,114552.16500854492
TIME,134193.91999816895
TIME,62407.46301269531
TIME,80567.29100036621
TIME,49295.60899353027
TIME,38084.62399291992
TIME,40011.21299743652
TIME,143114.72399902344
TIME,108424.67700195312
TIME,55375.45899963379
TIME,44058.15400695801
TIME,41355.15100097656
TIME,60524.85499572754
TIME,41841.643005371094
TIME,37996.274993896484
TIME,49881.42199707031
TIME,44441.884994506836
TIME,46777.43699645996
TIME,78612.16300964355
TIME,47999.51300048828
TIME,49182.59999084473
TIME,90358.48799133301
TIME,138588.6429901123
TIME,87368.59399414062
TIME,47086.66799926758
TIME,44726.79800415039
TIME,55527.309997558594
TIME,149882.61698913574
TIME,100167.90699768066
TIME,49997.593002319336
TIME,47115.47799682617
TIME,49486.27899169922
TIME,148504.6309967041
TIME,119900.63200378418
TIME,67830.68000793457
TIME,45019.35900878906
TIME,39631.141998291016
TIME,45582.14100646973
TIME,54143.29200744629
TIME,44329.12399291992
TIME,153853.51699829102
TIME,151423.32400512695
TIME,123274.55799865723
TIME,102275.31700134277
TIME,50754.93598937988
TIME,71208.63600158691
TIME,46382.725006103516
TIME,41603.141998291016
TIME,49598.07099914551
TIME,46558.024002075195
TIME,91110.94299316406
TIME,140904.48400878906
TIME,116555.29600524902
TIME,98138.52600097656
TIME,45375.00900268555
TIME,72591.56199645996
TIME,41045.419998168945
TIME,43928.81300354004
TIME,148936.27299499512
TIME,95222.32299804688
TIME,44247.975006103516
TIME,41233.809997558594
TIME,47629.34100341797
TIME,40964.83999633789
TIME,41852.393005371094
TIME,47211.04899597168
TIME,48313.1549987793
TIME,42139.375
TIME,42927.378005981445
TIME,47752.961990356445
TIME,45709.97100830078
TIME,67572.9880065918
TIME,127533.74900817871
TIME,76490.87199401855
TIME,45008.10998535156
TIME,46372.58500671387
TIME,44441.96600341797
TIME,40165.59600830078
TIME,39248.08999633789
TIME,49486.34899902344
TIME,48542.75698852539
TIME,48664.566009521484
TIME,42949.77799987793
TIME,45028.4280090332
TIME,42913.15800476074
TIME,45012.27900695801
TIME,37844.85400390625
TIME,46228.51400756836
TIME,46309.455001831055
TIME,42766.268005371094
TIME,42889.70901489258
TIME,43205.57099914551
TIME,47687.01200866699
TIME,38441.247009277344
TIME,45985.78300476074
TIME,43309.12098693848
TIME,47932.90299987793
TIME,42683.31800842285
TIME,45876.09298706055
TIME,36757.858001708984
TIME,46859.266998291016
TIME,35736.114990234375
TIME,42873.017013549805
TIME,37630.393005371094
TIME,51541.830001831055
TIME,39479.92199707031
TIME,41976.664001464844
TIME,36105.094985961914
TIME,42288.85499572754
TIME,38321.73599243164
TIME,41904.233001708984
TIME,37590.76300048828
TIME,41422.11000061035
TIME,41379.40100097656
TIME,42194.82499694824
TIME,49121.65798950195
TIME,44175.94400024414
TIME,40130.635009765625
TIME,44527.066009521484
TIME,45855.761001586914
TIME,45827.90200805664
TIME,43797.232009887695
TIME,38522.496002197266
TIME,41430.89099121094
TIME,41122.1190032959
TIME,46160.17401123047
TIME,44031.67498779297
TIME,39951.28399658203
TIME,43828.322998046875
TIME,48833.82800292969
TIME,45216.65899658203
TIME,48280.125
TIME,48864.58801269531
TIME,48369.375
TIME,46910.05601501465
TIME,48749.6669921875
TIME,37040.878997802734
TIME,44556.06800842285
TIME,44529.156997680664
TIME,38961.218994140625
TIME,40769.64700317383
TIME,33634.29299926758
TIME,46418.17498779297
TIME,36468.52699279785
TIME,49006.70899963379
TIME,37406.780990600586
TIME,43457.809997558594
TIME,38404.50700378418
TIME,43465.41200256348
TIME,37563.97299194336
TIME,47971.13299560547
TIME,40539.82600402832
TIME,47665.59199523926
TIME,42382.66500854492
TIME,48942.00700378418
TIME,42601.77699279785
TIME,39348.5299987793
TIME,36350.5359954834
TIME,40327.07600402832
TIME,42310.24501037598
TIME,41657.7619934082
TIME,43505.00100708008
TIME,41005.27900695801
TIME,41394.781005859375
TIME,42257.57499694824
TIME,44519.41600036621
TIME,45209.67900085449
TIME,41961.21299743652
TIME,46778.108001708984
TIME,47753.27198791504
TIME,43467.40000915527
TIME,49860.29100036621
TIME,139001.27499389648
TIME,88752.58999633789
TIME,39246.59001159668
TIME,38626.677001953125
TIME,43294.69999694824
TIME,39865.2919921875
TIME,43805.412994384766
TIME,46759.98699951172
TIME,48161.052993774414
TIME,44689.00700378418
TIME,46621.12699890137
TIME,49043.268005371094
TIME,44836.156997680664
TIME,44924.8869934082
TIME,37052.63000488281
TIME,46207.01400756836
TIME,46332.10499572754
TIME,37454.641998291016
TIME,42963.68899536133
TIME,37141.15000915527
TIME,47839.4109954834
TIME,40458.37699890137
TIME,44487.405990600586
TIME,39521.17199707031
TIME,45189.26899719238
TIME,38505.66600036621
TIME,47916.912994384766
TIME,37770.81399536133
TIME,47752.83200073242
TIME,40246.36599731445
TIME,43834.90299987793
TIME,38526.39700317383
TIME,44367.9049987793
TIME,38541.316986083984
TIME,39685.822998046875
TIME,36527.746994018555
TIME,40536.68699645996
TIME,42362.73600769043
TIME,41612.2919921875
TIME,38142.27500915527
TIME,43102.558990478516
TIME,43532.441986083984
TIME,39993.184997558594
TIME,44892.31900024414
TIME,45176.490005493164
TIME,46104.733001708984
TIME,48669.34599304199
TIME,47978.12300109863
TIME,49839.35200500488
TIME,41496.20199584961
TIME,38787.16801452637
TIME,43442.59201049805
TIME,44982.41799926758
TIME,45642.24200439453
TIME,47783.9229888916
TIME,45274.70899963379
TIME,43986.912994384766
TIME,48396.83499145508
TIME,47146.919006347656
TIME,46531.294998168945
TIME,46969.606994628906
TIME,46847.48799133301
TIME,48770.60600280762
TIME,48596.25498962402
TIME,37369.56098937988
TIME,44517.05700683594
TIME,44669.86698913574
TIME,41490.169998168945
TIME,42834.087005615234
TIME,35466.06201171875
TIME,47833.33200073242
TIME,38358.89601135254
TIME,46801.058013916016
TIME,39570.15199279785
TIME,49962.12300109863
TIME,38314.42599487305
TIME,46086.87300109863
TIME,37470.7020111084
TIME,49238.5
TIME,40595.89599609375
TIME,49679.83200073242
TIME,38339.30500793457
TIME,45312.26998901367
TIME,38187.97499084473
TIME,41221.92900085449
TIME,36500.04699707031
TIME,39881.38299560547
TIME,42318.30599975586
TIME,38853.90800476074
TIME,41506.301010131836
TIME,39733.17300415039
TIME,39424.030990600586
TIME,39840.45199584961
TIME,44242.08500671387
TIME,45254.56999206543
TIME,42102.093994140625
TIME,42662.205993652344
TIME,49265.00900268555
TIME,49455.93099975586
TIME,55084.406997680664
TIME,130647.42401123047
TIME,82053.20799255371
TIME,43087.42900085449
TIME,49342.537994384766
TIME,47978.97300720215
TIME,43998.523986816406
TIME,49792.690994262695
TIME,48837.23699951172
TIME,47804.32099914551
TIME,44828.108001708984
TIME,44826.61799621582
TIME,44871.38800048828
TIME,42759.97799682617
TIME,45067.197998046875
TIME,37417.121002197266
TIME,46491.44500732422
TIME,46692.37599182129
TIME,37369.600997924805
TIME,44636.93699645996
TIME,37585.79200744629
TIME,48073.412994384766
TIME,40389.32598876953
TIME,44689.04699707031
TIME,39518.511001586914
TIME,47946.08200073242
TIME,37935.73399353027
TIME,45779.25199890137
TIME,37481.43299865723
TIME,45820.97300720215
TIME,40565.36601257324
TIME,45961.412994384766
TIME,39708.99301147461
TIME,48858.5770111084
TIME,42733.059005737305
TIME,41362.2200012207
TIME,37888.752990722656
TIME,43597.18099975586
TIME,40516.34700012207
TIME,38579.05699157715
TIME,41085.34899902344
TIME,40640.74800109863
TIME,41438.00100708008
TIME,42024.42300415039
TIME,47684.24198913574
TIME,49343.789001464844
TIME,43474.6609954834
TIME,46712.37699890137
TIME,48642.386001586914
TIME,49873.23100280762
TIME,41515.7619934082
TIME,38590.52799987793
TIME,43323.84001159668
TIME,43179.559005737305
TIME,43873.752990722656
TIME,47249.15998840332
TIME,44050.69400024414
TIME,49629.7200012207
TIME,46980.38900756836
TIME,47040.82800292969
TIME,44778.968002319336
TIME,48818.59800720215
TIME,44128.60299682617
TIME,44189.35400390625
TIME,44865.43899536133
TIME,37282.739990234375
TIME,46463.636001586914
TIME,46540.9169921875
TIME,37208.169998168945
TIME,44808.516998291016
TIME,31776.953002929688
TIME,50386.73500061035
TIME,36248.09599304199
TIME,46190.274993896484
TIME,39798.8330078125
TIME,47453.49099731445
TIME,32757.619995117188
TIME,39981.56399536133
TIME,44684.71701049805
TIME,49538.962005615234
TIME,38964.99899291992
TIME,43811.72200012207
TIME,43258.90998840332
TIME,51760.621994018555
TIME,43136.73001098633
TIME,38738.7979888916
TIME,36100.044998168945
TIME,39280.74200439453
TIME,36412.656997680664
TIME,40488.405990600586
TIME,43690.802001953125
TIME,41442.70100402832
TIME,41460.280990600586
TIME,42012.21499633789
TIME,47915.94300842285
TIME,49269.31999206543
TIME,43324.5299987793
TIME,46841.287994384766
TIME,47976.15299987793
TIME,43814.58299255371
TIME,54320.85499572754
TIME,135023.85499572754
TIME,85571.82400512695
TIME,39663.33200073242
TIME,43343.81199645996
TIME,47112.73699951172
TIME,44032.85398864746
TIME,41824.72401428223
TIME,45003.87699890137
TIME,44497.98599243164
TIME,47621.11099243164
TIME,48986.84800720215
TIME,48534.24499511719
TIME,46342.9049987793
TIME,48484.73399353027
TIME,37240.621002197266
TIME,48617.375
TIME,48684.32600402832
TIME,36662.177993774414
TIME,45040.289001464844
TIME,36779.218002319336
TIME,44082.6130065918
TIME,40402.9169921875
TIME,42762.81700134277
TIME,38933.09899902344
TIME,44865.29899597168
TIME,38452.197006225586
TIME,50489.76499938965
TIME,36389.266998291016
TIME,43526.39099121094
TIME,39706.593002319336
TIME,42920.330001831055
TIME,43507.14100646973
TIME,44793.97799682617
TIME,38774.54800415039
TIME,39526.56298828125
TIME,36241.087005615234
TIME,39676.31100463867
TIME,42073.85301208496
TIME,38595.54800415039
TIME,41559.69200134277
TIME,39419.4109954834
TIME,39433.41198730469
TIME,39722.551010131836
TIME,45841.86199951172
TIME,47570.56100463867
TIME,44063.184005737305
TIME,48807.96600341797
TIME,44027.30500793457
TIME,46003.625
TIME,42941.517013549805
TIME,40103.295989990234
TIME,40540.9469909668
TIME,42751.23699951172
TIME,47798.84098815918
TIME,45433.43998718262
TIME,41843.371994018555
TIME,45977.65199279785
TIME,48769.996994018555
TIME,48977.99800109863
TIME,46780.94599914551
TIME,43222.43899536133
TIME,44458.39500427246
TIME,43900.81298828125
TIME,44899.36799621582
TIME,37133.059997558594
TIME,44624.18598937988
TIME,44817.88800048828
TIME,36492.27699279785
TIME,40558.1369934082
TIME,37491.84100341797
TIME,48936.997985839844
TIME,42059.23500061035
TIME,44976.787994384766
TIME,39620.03201293945
TIME,44815.16700744629
TIME,38439.64700317383
TIME,47733.731994628906
TIME,37523.552001953125
TIME,45931.97399902344
TIME,41770.65199279785
TIME,45674.90200805664
TIME,39460.70199584961
TIME,49178.43899536133
TIME,37654.62300109863
TIME,40707.39700317383
TIME,37762.70199584961
TIME,37617.54399108887
TIME,40466.636001586914
TIME,42487.67599487305
TIME,36937.51901245117
TIME,34755.398010253906
TIME,37511.322006225586
TIME,37589.093002319336
TIME,47896.351989746094
TIME,49295.268005371094
TIME,49664.77200317383
TIME,46752.89700317383
TIME,48549.613998413086
TIME,49428.468994140625
TIME,51237.948013305664
TIME,138643.9530029297
TIME,88359.60899353027
TIME,41590.58299255371
TIME,39322.01998901367
TIME,46111.01399230957
TIME,40989.6190032959
TIME,39971.92399597168
TIME,44934.27799987793
TIME,44825.04800415039
TIME,49283.33999633789
TIME,46631.85600280762
TIME,48601.52600097656
TIME,50036.22399902344
TIME,44297.92500305176
TIME,37283.33100891113
TIME,46927.56799316406
TIME,46685.835998535156
TIME,36255.49499511719
TIME,38606.608001708984
TIME,37464.622009277344
TIME,46890.0359954834
TIME,42363.385009765625
TIME,44824.00801086426
TIME,39496.38200378418
TIME,47030.32899475098
TIME,38485.37600708008
TIME,49789.59199523926
TIME,37547.24099731445
TIME,48039.072998046875
TIME,38254.16600036621
TIME,46861.9169921875
TIME,40408.20600891113
TIME,49090.34800720215
TIME,41602.25199890137
TIME,41966.72399902344
TIME,36478.16799926758
TIME,39321.89099121094
TIME,40187.934997558594
TIME,41702.83299255371
TIME,37060.60899353027
TIME,36833.33898925781
TIME,36574.00700378418
TIME,39595.052001953125
TIME,50533.32598876953
TIME,45944.06399536133
TIME,41864.19300842285
TIME,38761.10899353027
TIME,47897.781997680664
TIME,49911.801010131836
TIME,41498.03201293945
TIME,38635.82800292969
TIME,41321.67999267578
TIME,48835.89700317383
TIME,48024.93299865723
TIME,45282.06100463867
TIME,53052.89698791504
TIME,47920.76300048828
TIME,45901.96299743652
TIME,43965.163009643555
TIME,48723.606994628906
TIME,43490.26200866699
TIME,44892.24800109863
TIME,47391.69999694824
TIME,49963.773010253906
TIME,37085.07899475098
TIME,46842.406997680664
TIME,46845.0059967041
TIME,37328.47099304199
TIME,42771.89700317383
TIME,39442.60200500488
TIME,44874.016998291016
TIME,35988.614013671875
TIME,48715.75700378418
TIME,41426.35200500488
TIME,42791.62699890137
TIME,39577.36199951172
TIME,43499.08299255371
TIME,37052.15000915527
TIME,43794.7020111084
TIME,43684.42199707031
TIME,43015.15899658203
TIME,42250.94599914551
TIME,44909.697006225586
TIME,37156.47999572754
TIME,40050.844985961914
TIME,36006.875
TIME,41361.261001586914
TIME,38622.73699951172
TIME,39869.933990478516
TIME,43586.621002197266
TIME,43478.52099609375
TIME,42506.747009277344
TIME,42556.20600891113
TIME,47789.72999572754
TIME,43417.0299987793
TIME,49434.690002441406
TIME,46873.75801086426
TIME,47720.45199584961
TIME,43990.863998413086
TIME,49267.059997558594
TIME,144752.52200317383
TIME,94025.4759979248
TIME,41546.52099609375
TIME,40486.246994018555
TIME,43495.56199645996
TIME,38675.40798950195
TIME,43997.33299255371
TIME,47193.34001159668
TIME,46684.37600708008
TIME,44126.14399719238
TIME,43516.19200134277
TIME,44593.89698791504
TIME,47762.72100830078
TIME,50100.57400512695
TIME,37370.65100097656
TIME,46723.766998291016
TIME,46788.038009643555
TIME,37184.86999511719
TIME,38726.49800109863
TIME,37414.72299194336
TIME,42997.058013916016
TIME,42524.7859954834
TIME,42723.79699707031
TIME,44108.90400695801
TIME,44785.41700744629
TIME,40913.15899658203
TIME,48400.43501281738
TIME,37340.191009521484
TIME,47520.809997558594
TIME,41662.34100341797
TIME,46133.17399597168
TIME,41305.280990600586
TIME,48936.427993774414
TIME,41533.08200073242
TIME,42371.19599914551
TIME,38069.23500061035
TIME,37748.94400024414
TIME,40344.975997924805
TIME,38033.955001831055
TIME,41560.27101135254
TIME,39418.06100463867
TIME,41109.330001831055
TIME,43297.86999511719
TIME,50407.733001708984
TIME,45424.760009765625
TIME,42057.63400268555
TIME,46541.09599304199
TIME,48587.5059967041
TIME,43112.57899475098
TIME,41468.31100463867
TIME,38808.66799926758
TIME,41356.462005615234
TIME,44965.25700378418
TIME,49752.011001586914
TIME,46886.75900268555
TIME,40929.54899597168
TIME,47804.7020111084
TIME,44038.53500366211
TIME,43971.97200012207
TIME,48537.17599487305
TIME,46975.93798828125
TIME,48291.17500305176
TIME,49880.49101257324
TIME,50852.75801086426
TIME,37508.31098937988
TIME,46628.69499206543
TIME,46694.44599914551
TIME,36920.09799194336
TIME,38688.718002319336
TIME,40745.71798706055
TIME,48455.89599609375
TIME,38527.68600463867
TIME,48710.89700317383
TIME,41241.49099731445
TIME,44783.016998291016
TIME,38548.82699584961
TIME,47788.691986083984
TIME,36570.41801452637
TIME,46026.03399658203
TIME,40732.65701293945
TIME,44877.3270111084
TIME,38624.017990112305
TIME,46956.75801086426
TIME,41485.49101257324
TIME,44035.55400085449
TIME,42413.6549987793
TIME,38923.88899230957
TIME,41910.863998413086
TIME,40649.23799133301
TIME,43571.7919921875
TIME,43502.5710144043
TIME,38543.97700500488
TIME,39674.22300720215
TIME,50542.26400756836
TIME,45748.27200317383
TIME,41632.67199707031
TIME,46835.86698913574
TIME,45291.95001220703
TIME,45844.04299926758
TIME,54062.70100402832
TIME,143846.7089996338
TIME,92319.55799865723
TIME,43163.52000427246
TIME,41770.0830078125
TIME,44718.65798950195
TIME,38890.38999938965
TIME,48129.14399719238
TIME,44844.4580078125
TIME,49554.669998168945
TIME,48708.79699707031
TIME,46937.61799621582
TIME,44489.5359954834
TIME,45851.62300109863
TIME,46482.27600097656
TIME,41260.8390045166
TIME,49109.98799133301
TIME,49103.80799865723
TIME,37264.52099609375
TIME,44994.61799621582
TIME,40206.77600097656
TIME,48565.884994506836
TIME,38338.315994262695
TIME,46699.66700744629
TIME,39397.47200012207
TIME,47150.49899291992
TIME,42458.30700683594
TIME,45585.42199707031
TIME,36133.71501159668
TIME,48913.52600097656
TIME,39616.87300109863
TIME,48702.93699645996
TIME,42207.044006347656
TIME,45328.128997802734
TIME,43075.52900695801
TIME,38080.42500305176
TIME,36735.76899719238
TIME,39267.850997924805
TIME,36505.108001708984
TIME,37677.183013916016
TIME,41533.60200500488
TIME,41495.351989746094
TIME,39642.45300292969
TIME,41007.67900085449
TIME,44726.039001464844
TIME,45489.79100036621
TIME,48620.544998168945
TIME,44500.746002197266
TIME,45396.740005493164
TIME,49709.36000061035
TIME,38775.61799621582
TIME,42377.905990600586
TIME,38688.377990722656
TIME,47547.26998901367
TIME,47414.05000305176
TIME,45264.32899475098
TIME,40910.99800109863
TIME,39941.37300109863
TIME,43900.03300476074
TIME,44012.01300048828
TIME,48493.51599121094
TIME,46891.268005371094
TIME,42845.70700073242
TIME,43852.63400268555
TIME,45968.82400512695
TIME,36715.47900390625
TIME,49109.51899719238
TIME,49243.08898925781
TIME,37218.81100463867
TIME,41949.53401184082
TIME,31589.574005126953
TIME,44464.10499572754
TIME,41682.302993774414
TIME,46531.35598754883
TIME,39557.02099609375
TIME,46203.975006103516
TIME,42372.34599304199
TIME,50469.71499633789
TIME,36579.43701171875
TIME,44016.613998413086
TIME,39696.294006347656
TIME,44069.774002075195
TIME,38514.927001953125
TIME,46586.23599243164
TIME,39434.36199951172
TIME,42670.766998291016
TIME,40385.51499938965
TIME,36468.88700866699
TIME,38431.996994018555
TIME,41521.44200134277
TIME,36906.87901306152
TIME,41420.7200012207
TIME,40268.003997802734
TIME,43168.448989868164
TIME,46848.15800476074
TIME,49295.52799987793
TIME,43486.1720123291
TIME,48689.93600463867
TIME,43946.47200012207
TIME,45132.509994506836
TIME,53407.17900085449
TIME,139229.76499938965
TIME,86674.40899658203
TIME,47328.350006103516
TIME,39855.4520111084
TIME,51319.40899658203
TIME,44272.82499694824
TIME,49682.010009765625
TIME,45980.19299316406
TIME,45982.33399963379
TIME,46394.55499267578
TIME,44082.093002319336
TIME,47078.8690032959
TIME,43488.330001831055
TIME,45043.13899230957
TIME,38005.39500427246
TIME,46393.634994506836
TIME,46596.61599731445
TIME,36990.95899963379
TIME,42988.57899475098
TIME,39281.460998535156
TIME,46765.27700805664
TIME,41651.962005615234
TIME,44704.6969909668
TIME,40834.00700378418
TIME,46805.73600769043
TIME,38694.63800048828
TIME,49818.3219909668
TIME,36345.335998535156
TIME,46867.218994140625
TIME,38570.476989746094
TIME,42832.55799865723
TIME,43508.99200439453
TIME,46320.184997558594
TIME,39567.41200256348
TIME,40253.135009765625
TIME,36470.447006225586
TIME,38571.82699584961
TIME,36562.6369934082
TIME,36222.746002197266
TIME,38712.31799316406
TIME,39005.968002319336
TIME,37570.53401184082
TIME,39557.49099731445
TIME,49348.11999511719
TIME,45650.43200683594
TIME,42023.21299743652
TIME,43717.07099914551
TIME,47592.14099121094
TIME,47846.08200073242
TIME,38699.8869934082
TIME,45103.84899902344
TIME,41694.41198730469
TIME,44930.0779876709
TIME,45975.92399597168
TIME,49323.52000427246
TIME,48715.33499145508
TIME,48046.773010253906
TIME,45961.0830078125
TIME,45806.16200256348
TIME,44774.77799987793
TIME,43800.594009399414
TIME,48952.81700134277
TIME,43660.09199523926
TIME,50684.87699890137
TIME,37219.06001281738
TIME,48773.335998535156
TIME,48794.475997924805
TIME,37624.22300720215
TIME,44778.86698913574
TIME,40315.44499206543
TIME,48763.8869934082
TIME,43718.462005615234
TIME,46690.25500488281
TIME,37213.011001586914
TIME,48925.00801086426
TIME,35696.003997802734
TIME,45662.190994262695
TIME,37540.52101135254
TIME,48005.43299865723
TIME,39566.19200134277
TIME,46838.61799621582
TIME,41473.1609954834
TIME,45408.56100463867
TIME,43479.70100402832
TIME,37926.1130065918
TIME,36572.16700744629
TIME,38616.447998046875
TIME,36469.55699157715
TIME,38530.455993652344
TIME,40617.64601135254
TIME,39515.16200256348
TIME,36920.719009399414
TIME,39658.81300354004
TIME,48708.35600280762
TIME,45388.53999328613
TIME,40094.41499328613
TIME,43821.33200073242
TIME,49792.460998535156
TIME,46013.57400512695
TIME,53934.96299743652
TIME,141600.1959991455
TIME,89034.81100463867
TIME,48675.64599609375
TIME,48049.7029876709
TIME,45586.8219909668
TIME,40706.378005981445
TIME,47871.11201477051
TIME,49855.38198852539
TIME,44149.10398864746
TIME,48805.455993652344
TIME,45864.66198730469
TIME,48114.934005737305
TIME,45971.351989746094
TIME,50154.47300720215
TIME,37265.2200012207
TIME,48672.16600036621
TIME,48685.21699523926
TIME,36419.266998291016
TIME,47476.558990478516
TIME,37604.113998413086
TIME,44801.128005981445
TIME,41710.531997680664
TIME,48783.337005615234
TIME,43889.913009643555
TIME,44385.155014038086
TIME,39807.03399658203
TIME,47029.14799499512
TIME,37372.86199951172
TIME,49348.83799743652
TIME,39632.41200256348
TIME,48846.27600097656
TIME,43102.6190032959
TIME,44959.14799499512
TIME,39696.253005981445
TIME,42185.42500305176
TIME,36604.20700073242
TIME,38450.5770111084
TIME,39313.29100036621
TIME,42609.7979888916
TIME,39916.7440032959
TIME,39137.14099121094
TIME,40372.53700256348
TIME,43138.17900085449
TIME,48868.63800048828
TIME,45432.8809967041
TIME,41854.101989746094
TIME,47715.91198730469
TIME,49914.57099914551
TIME,47730.11099243164
TIME,38633.78700256348
TIME,42603.20700073242
TIME,37805.97299194336
TIME,42657.2970123291
TIME,43864.79299926758
TIME,47546.761001586914
TIME,42901.58799743652
TIME,41752.34298706055
TIME,44143.572998046875
TIME,49482.990005493164
TIME,49020.21699523926
TIME,45573.57099914551
TIME,48875.06799316406
TIME,45038.04899597168
TIME,50201.22200012207
TIME,36877.79899597168
TIME,49463.39099121094
TIME,49478.509994506836
TIME,36640.78700256348
TIME,46398.13400268555
TIME,37204.72099304199
TIME,44138.68501281738
TIME,41093.04901123047
TIME,48869.18800354004
TIME,41424.009994506836
TIME,50068.45300292969
TIME,43533.1609954834
TIME,49878.00199890137
TIME,43467.191009521484
TIME,45924.67300415039
TIME,38908.75799560547
TIME,44812.30700683594
TIME,38907.52899169922
TIME,50903.7080078125
TIME,41440.20100402832
TIME,42030.433990478516
TIME,36628.99899291992
TIME,37826.63299560547
TIME,45053.238998413086
TIME,39927.253997802734
TIME,37841.8630065918
TIME,38982.99899291992
TIME,37616.26400756836
TIME,41391.40000915527
TIME,45104.65899658203
TIME,47168.07899475098
TIME,42006.08399963379
TIME,45729.75199890137
TIME,46008.13299560547
TIME,47635.43099975586
TIME,48211.54200744629
TIME,136624.32299804688
TIME,83892.77700805664
TIME,45368.809997558594
TIME,45645.37300109863
TIME,47845.030990600586
TIME,43418.17199707031
TIME,42927.1369934082
TIME,45265.00900268555
TIME,49961.273010253906
TIME,48744.14599609375
TIME,44011.72299194336
TIME,45846.97200012207
TIME,42853.77799987793
TIME,50523.99499511719
TIME,37194.350006103516
TIME,48699.136001586914
TIME,48813.337005615234
TIME,36388.85600280762
TIME,45891.572998046875
TIME,40189.87399291992
TIME,43507.33100891113
TIME,37317.59100341797
TIME,44228.73600769043
TIME,37326.18099975586
TIME,45842.072998046875
TIME,37116.5
TIME,49840.822006225586
TIME,37206.580993652344
TIME,46018.893005371094
TIME,38693.00799560547
TIME,44925.15800476074
TIME,41489.93199157715
TIME,49420.40998840332
TIME,37942.31399536133
TIME,40251.68501281738
TIME,38448.427001953125
TIME,42559.475006103516
TIME,38684.09700012207
TIME,40338.51600646973
TIME,43648.642013549805
TIME,39161.580993652344
TIME,42977.399002075195
TIME,38690.99800109863
TIME,48407.51399230957
TIME,45410.86099243164
TIME,41886.93299865723
TIME,43787.981994628906
TIME,45636.601989746094
TIME,47733.24099731445
TIME,42621.815994262695
TIME,40123.184005737305
TIME,37705.12300109863
TIME,46592.18600463867
TIME,47552.4109954834
TIME,47425.07099914551
TIME,42887.93699645996
TIME,43703.06300354004
TIME,47832.7020111084
TIME,47976.52299499512
TIME,46513.8450012207
TIME,43011.13800048828
TIME,45920.2440032959
TIME,49207.20899963379
TIME,43728.011001586914
TIME,41042.149002075195
TIME,44419.2559967041
TIME,50325.42500305176
TIME,36642.40798950195
TIME,46065.18299865723
TIME,43411.4700012207
TIME,43649.19299316406
TIME,38984.47999572754
TIME,46708.976989746094
TIME,39299.90998840332
TIME,45328.49899291992
TIME,41426.24099731445
TIME,45444.850997924805
TIME,37315.45199584961
TIME,44108.733001708984
TIME,38593.84599304199
TIME,42883.447998046875
TIME,39331.92199707031
TIME,46960.927993774414
TIME,41529.23098754883
TIME,37817.892990112305
TIME,36423.857986450195
TIME,38497.677001953125
